year,month,date_of_month,day_of_week,births
1994,3,26,4,11037
1994,4,11,3,8691
1994,3,21,6,10669
1994,8,8,5,11653
1994,2,24,2,10970
1994,10,11,1,11013
1994,5,19,3,11805
1994,4,29,1,9667
1994,4,19,6,12240
1994,5,17,3,8419
1994,4,16,2,8822
1994,7,10,7,8524
1994,6,20,2,12269
1994,1,24,5,8813
1994,8,24,2,7766
1994,2,22,6,10580
1994,4,2,6,13380
1994,2,2,5,12086
1994,3,7,1,12787
1994,5,15,5,10234
1994,10,6,7,10664
1994,2,9,3,7903
1994,4,23,3,11621
1994,2,14,7,10194
1994,9,4,1,8387
1994,7,4,3,10044
1994,10,11,2,11583
1994,3,13,7,12716
1994,1,23,6,9344
1994,7,17,3,12126
1994,6,15,3,9890
1994,12,9,5,11186
1994,8,10,6,11207
1994,5,2,4,11805
1994,10,30,6,8616
1994,4,29,2,10282
1994,7,24,4,9634
1994,11,20,2,12391
1994,6,4,4,7275
1994,9,21,2,10757
1994,11,29,3,11623
1994,6,14,5,8819
1994,9,27,6,10713
1994,9,20,4,7706
1994,2,12,2,13994
1994,5,29,4,11419
1994,5,12,6,10274
1994,11,23,4,14540
1994,11,26,4,6795
1994,12,23,5,10020
1994,10,5,6,11556
1994,11,29,2,12244
1994,4,6,5,10773
1994,9,7,3,9165
1994,9,15,5,10944
1994,7,2,5,14060
1994,12,3,2,8296
1994,5,3,7,9335
1994,3,30,2,9535
1994,10,14,6,11690
1994,7,20,1,10777
1994,5,11,7,11012
1994,5,14,1,11941
1994,10,10,7,13139
1994,12,31,2,13324
1994,10,2,3,12111
1994,12,5,1,11920
1994,10,9,7,14540
1994,1,17,5,11002
1994,5,20,4,9158
1994,6,24,6,10053
1994,3,3,3,8992
1994,12,7,3,11999
1994,11,19,3,7679
1994,3,19,6,10021
1994,12,30,4,11927
1994,8,26,2,8851
1994,3,6,6,7403
1994,12,30,6,8455
1994,6,3,2,10491
1994,11,28,3,12513
1994,5,31,6,11977
1994,12,18,4,10201
1994,11,5,6,7979
1994,8,10,6,9532
1994,5,4,2,14540
1994,8,3,1,8344
1994,3,27,7,12228
1994,1,25,2,8372
1994,5,22,7,11036
1994,8,9,3,7434
1994,7,7,3,11530
1994,8,25,6,10563
1994,5,14,4,8118
1994,5,13,6,11627
1994,2,7,4,9490
1994,6,18,7,9604
1994,7,29,3,7627
1994,12,18,3,12947
1994,12,7,4,11798
1994,6,10,5,8381
1994,1,14,7,6988
1994,9,17,3,9808
1994,9,26,2,14540
1994,5,27,1,11547
1994,3,10,3,14476
1994,6,30,4,8989
1994,4,25,5,11345
1994,8,14,6,9387
1994,10,3,5,12402
1994,4,15,6,10420
1994,2,12,3,13262
1994,10,21,6,13099
1994,9,11,2,7337
1994,6,18,6,10060
1994,12,14,5,11641
1994,2,22,6,8520
1994,7,23,3,10086
1994,10,31,4,7256
1994,2,24,3,10755
1994,6,15,4,7340
1994,10,15,2,12135
1994,3,14,4,10462
1994,11,21,1,12235
1994,7,2,7,11482
1994,4,16,3,9110
1994,11,30,2,10880
1994,7,25,5,10653
1994,2,11,5,10090
1994,1,14,2,8731
1994,12,17,3,8335
1994,10,20,5,14222
1994,8,3,3,14540
1994,3,12,6,9737
1994,7,7,7,10620
1994,10,17,4,10892
1994,12,6,3,11594
1994,9,29,6,8573
1994,2,20,6,8541
1994,1,21,7,12016
1994,8,12,7,10580
1994,8,5,4,10482
1994,10,12,2,10978
1994,10,15,6,12703
1994,7,13,5,12928
1994,2,15,2,9430
1994,10,7,7,8423
1994,12,29,4,12690
1994,2,19,4,10920
1994,8,21,1,8445
1994,10,12,1,12901
1994,3,2,5,10424
1994,12,28,1,6443
1994,6,18,3,9590
1994,11,10,6,11170
1994,9,3,1,11849
1994,3,8,7,10429
1994,9,20,6,8718
1994,2,9,1,7719
1994,4,12,4,10872
1994,11,14,5,11767
1994,8,11,6,9192
1994,9,20,5,8065
1994,10,25,7,11446
1994,10,8,7,9277
1994,12,4,2,9320
1994,12,17,1,10326
1994,8,10,5,8342
1994,10,5,1,12469
1994,1,28,3,9217
1994,12,25,2,10954
1994,1,24,6,10660
1994,2,6,2,13569
1994,8,23,7,12841
1994,8,18,7,9156
1994,11,14,2,11609
1994,10,10,6,12958
1994,1,21,2,8311
1994,8,9,2,12271
1994,11,11,1,6988
1994,3,10,2,9883
1994,11,25,2,11413
1994,12,12,4,10007
1994,10,20,2,9900
1994,10,22,3,9418
1994,3,26,6,9823
1994,3,6,3,8676
1994,12,1,2,11699
1994,7,14,2,12113
1994,6,27,1,11485
1994,2,11,5,13938
1994,5,6,3,11973
1994,12,15,5,8251
1994,11,10,3,12543
1994,11,3,4,8672
1994,10,8,6,9269
1994,9,1,4,14540
1994,12,19,4,12144
1994,3,20,6,6590
1994,3,6,7,10519
1994,8,8,6,11932
1994,12,22,3,10947
1994,6,22,4,10826
1994,4,25,2,13265
1994,2,1,2,8573
1994,3,28,6,11702
1994,1,9,7,10177
1994,8,19,1,9543
1994,12,26,4,9204
1994,9,16,3,14540
1994,7,17,2,13824
1994,8,12,7,11642
1994,9,17,2,8065
1994,9,15,7,12283
1994,2,15,5,13852
1994,8,31,2,14540
1994,5,22,6,12821
1994,1,2,1,6443
1994,11,4,5,10085
1994,1,24,1,6845
1994,5,28,2,11149
1994,12,14,6,11436
1994,7,9,3,10017
1994,6,27,4,11620
1994,12,17,1,13851
1994,12,6,1,10140
1994,7,16,4,12190
1994,7,12,4,9623
1994,4,14,2,13564
1994,11,20,2,11030
1994,10,11,5,10467
1994,6,16,3,9756
1994,8,9,2,10366
1994,9,16,2,10882
1994,10,29,6,14127
1994,1,24,3,10538
1994,7,9,5,8561
1994,7,10,3,9193
1994,4,4,4,11999
1994,8,5,6,13956
1994,6,23,7,12337
1994,10,4,4,12491
1994,9,3,3,10184
1994,11,25,4,11658
1994,5,22,2,11725
1994,5,8,2,12872
1994,11,8,3,10004
1994,12,18,7,10766
1994,7,21,4,9102
1994,4,10,3,13794
1994,7,15,7,12623
1994,8,10,7,11483
1994,7,16,7,14482
1994,4,3,2,10495
1994,1,25,5,6531
1994,2,25,3,13788
1994,5,11,2,10498
1994,7,6,4,10529
1994,1,5,6,10621
1994,7,30,3,10403
1994,4,24,5,11925
1994,4,4,5,10880
1994,11,23,7,7881
1994,6,15,6,8488
1994,3,16,2,11270
1994,4,21,6,12331
1994,8,8,4,12999
1994,7,16,6,7097
1994,4,3,7,10074
1994,8,20,6,12309
1994,2,20,4,11003
1994,5,25,6,12562
1994,11,11,6,13409
1994,4,6,4,14044
1994,4,9,1,13185
1994,6,15,1,9585
1994,4,24,5,10666
1994,3,14,5,7167
1994,3,31,6,10377
1994,1,23,7,13105
1994,7,1,4,8540
1994,9,22,5,8784
1994,1,13,6,13904
1994,8,19,2,10505
1994,1,4,4,11526
1994,2,21,6,10950
1994,8,24,3,12225
1994,10,16,7,11771
1994,5,9,1,8016
1994,3,2,2,10888
1994,11,11,6,10441
1994,1,10,3,6756
1994,1,23,7,11047
1994,6,2,3,10386
1994,2,11,7,12372
1994,9,4,4,9493
1994,1,16,7,14210
1994,5,4,6,14182
1994,2,6,3,7726
1994,1,16,6,10953
1994,7,7,3,11380
1994,8,16,4,10877
1994,6,2,1,11714
1994,4,5,4,10912
1994,2,29,7,11498
1994,6,8,5,12664
1994,11,19,3,13184
1994,5,26,5,7290
1994,11,5,4,10353
1994,11,10,5,13258
1994,7,13,1,6443
1994,4,8,6,8421
1994,9,29,7,11518
1994,8,17,5,10677
1994,10,2,2,8798
1994,4,4,6,14376
1994,8,24,1,13207
1994,11,18,3,11883
1994,8,19,5,12463
1994,9,30,7,10154
1994,11,3,7,10834
1994,9,21,5,10661
1994,1,5,6,12698
1994,6,4,4,14540
1994,3,8,6,10130
1994,10,23,5,11004
1994,7,3,6,10576
1994,9,21,1,12116
1994,12,22,5,10480
1994,1,12,4,12230
1994,1,29,4,11769
1994,2,17,2,8737
1994,5,1,1,13567
1994,2,2,2,13646
1994,8,27,6,11712
1994,12,28,3,7278
1994,4,28,2,10592
1994,4,12,2,8817
1994,8,23,4,10381
1994,4,25,6,11797
1994,9,14,3,10284
1994,1,13,3,14135
1994,4,11,3,8111
1994,7,20,2,10438
1994,3,13,7,8414
1994,8,2,1,11577
1994,1,13,5,11969
1994,9,2,7,12679
1994,5,19,2,8991
1994,11,14,5,9606
1994,2,5,1,11441
1994,4,13,4,12957
1994,8,8,2,10238
1994,7,21,7,8385
1994,1,22,2,13224
1994,5,22,6,9915
1994,9,10,2,12586
1994,3,10,3,12184
1994,8,29,1,12028
1994,7,6,2,12571
1994,1,24,2,10350
1994,6,27,6,13397
1994,4,20,4,13330
1994,8,29,7,13944
1994,10,30,7,10753
1994,9,25,4,10553
1994,7,6,3,10951
1994,7,13,3,13011
1994,2,2,5,11341
1994,3,9,2,9418
1994,3,4,4,8296
1994,12,10,5,9138
1994,4,18,4,12308
1994,10,22,3,14540
1994,2,15,3,8718
1994,1,18,4,13025
1994,8,17,6,12357
1994,9,4,3,10130
1994,2,25,1,8891
1994,11,9,1,7717
1994,1,27,6,11251
1994,8,27,4,13348
1994,5,13,7,10378
1994,12,2,4,9030
1994,1,17,5,10332
1994,7,9,1,10139
1994,5,9,5,12261
1994,3,17,3,10697
1994,1,6,5,10440
1994,2,23,7,12875
1994,9,27,6,14098
1994,3,22,7,8897
1994,12,26,5,8645
1994,7,10,2,11814
1994,10,17,2,8851
1994,5,7,6,8375
1994,6,8,7,11455
1994,1,26,4,14000
1994,8,31,4,11376
1994,1,19,7,9447
1994,1,9,4,10137
1994,4,26,3,8725
1994,8,22,5,10996
1994,10,27,7,10062
1994,12,14,6,12313
1994,3,3,3,11410
1995,10,11,2,13802
1995,4,22,6,10507
1995,4,26,4,9972
1995,4,4,4,11500
1995,11,7,5,11679
1995,9,18,5,10567
1995,2,17,1,7941
1995,6,31,6,9058
1995,7,16,4,10067
1995,5,26,7,8936
1995,2,7,4,10407
1995,7,1,2,13682
1995,7,13,4,10664
1995,7,15,3,12190
1995,10,18,5,10591
1995,6,26,7,12993
1995,5,6,1,12250
1995,1,15,4,9521
1995,4,23,7,9786
1995,11,13,4,12148
1995,2,16,6,12550
1995,11,16,7,9040
1995,6,9,2,10385
1995,4,27,5,10116
1995,7,5,1,11743
1995,11,22,2,9614
1995,8,14,1,11664
1995,1,13,7,10327
1995,11,15,4,11798
1995,1,21,2,11093
1995,12,30,1,9242
1995,9,23,6,10796
1995,11,19,6,10786
1995,1,29,2,8853
1995,1,24,2,11361
1995,4,16,1,7192
1995,1,29,4,10594
1995,12,3,7,11328
1995,5,24,4,7257
1995,3,19,3,12752
1995,2,28,7,10028
1995,10,8,6,9920
1995,11,25,2,12867
1995,11,30,4,10226
1995,2,17,6,10754
1995,2,1,2,12183
1995,10,18,1,9344
1995,7,8,4,11914
1995,8,20,6,9803
1995,5,10,1,8736
1995,10,30,5,8640
1995,1,26,1,9975
1995,7,11,4,10867
1995,8,10,5,6443
1995,5,23,7,7994
1995,9,6,6,10821
1995,6,7,4,9434
1995,10,12,6,12807
1995,2,31,2,10664
1995,2,24,7,14540
1995,4,27,5,11285
1995,7,31,4,7539
1995,7,3,4,10838
1995,12,20,7,9602
1995,1,2,2,10577
1995,1,18,3,10048
1995,9,8,6,12100
1995,7,14,1,9057
1995,7,20,4,10580
1995,6,18,1,12725
1995,5,19,5,12391
1995,4,28,3,6963
1995,5,20,4,10238
1995,6,27,4,10412
1995,3,14,1,11753
1995,4,20,7,10277
1995,4,28,4,12246
1995,3,18,6,11255
1995,8,3,4,8806
1995,11,12,5,10732
1995,8,11,5,11951
1995,7,11,7,11973
1995,5,15,7,9409
1995,10,29,1,10860
1995,7,12,7,11613
1995,8,21,7,6944
1995,1,11,6,12812
1995,7,15,3,10520
1995,2,31,2,12305
1995,2,16,6,10279
1995,9,4,2,10340
1995,11,9,1,10582
1995,9,11,6,10817
1995,9,7,1,12934
1995,4,2,2,14114
1995,4,9,7,9413
1995,9,14,2,12274
1995,10,4,1,8832
1995,9,22,2,12484
1995,6,4,3,10195
1995,12,24,2,14540
1995,9,30,7,11420
1995,4,24,6,10786
1995,10,1,7,11710
1995,2,15,7,14540
1995,3,9,6,12005
1995,10,3,7,12954
1995,1,16,1,10732
1995,8,3,7,11158
1995,5,22,6,11352
1995,8,24,6,10443
1995,4,11,6,10005
1995,9,26,1,9949
1995,4,4,2,12635
1995,3,16,2,10189
1995,8,28,2,6443
1995,11,3,5,6443
1995,10,13,7,11988
1995,8,26,2,9687
1995,5,27,6,14540
1995,5,22,3,8168
1995,2,14,2,10434
1995,7,26,1,12794
1995,7,28,7,12063
1995,4,7,4,11477
1995,3,21,6,12203
1995,11,16,1,9703
1995,8,7,4,11670
1995,8,7,6,13509
1995,10,19,5,8991
1995,8,12,4,9520
1995,6,2,6,7173
1995,5,25,2,10897
1995,9,16,1,10506
1995,12,23,2,10041
1995,7,11,6,12578
1995,8,5,6,10665
1995,10,23,6,9827
1995,7,8,4,12816
1995,4,7,6,11147
1995,11,10,2,12826
1995,11,20,2,9112
1995,7,18,6,12155
1995,12,4,6,10227
1995,8,14,5,12694
1995,3,15,4,10568
1995,10,5,6,11574
1995,11,26,2,10172
1995,6,2,7,7305
1995,8,6,3,11798
1995,12,18,5,9369
1995,7,16,6,10198
1995,3,26,1,11469
1995,8,17,6,6791
1995,3,22,1,14540
1995,8,21,3,11117
1995,5,10,6,12813
1995,5,26,2,10428
1995,12,21,7,10698
1995,4,30,3,12121
1995,8,16,3,6753
1995,6,3,2,7681
1995,5,27,6,10487
1995,7,15,5,7748
1995,5,29,2,8824
1995,7,14,5,12867
1995,4,22,7,10016
1995,9,10,7,10445
1995,11,28,5,8472
1995,11,18,7,10784
1995,3,15,5,8529
1995,6,23,1,8276
1995,10,17,7,10130
1995,11,23,2,10661
1995,3,27,5,13404
1995,10,7,1,9501
1995,5,11,2,12736
1995,8,14,3,10507
1995,2,29,1,7108
1995,11,14,3,9805
1995,12,6,3,12688
1995,7,14,7,12187
1995,5,28,2,8281
1995,1,4,7,11823
1995,11,27,5,12041
1995,8,11,1,14309
1995,2,18,1,10985
1995,6,7,2,10211
1995,2,21,4,10607
1995,11,19,7,13072
1995,8,21,7,8209
1995,10,18,1,10224
1995,5,16,2,13194
1995,3,17,6,9987
1995,3,3,2,13194
1995,9,4,2,8579
1995,2,19,3,10726
1995,12,8,3,10883
1995,1,17,1,11897
1995,11,3,5,11085
1995,7,1,4,12536
1995,10,26,3,12588
1995,4,19,3,11710
1995,10,17,1,11663
1995,12,10,5,9772
1995,3,27,7,10783
1995,9,16,4,12753
1995,10,3,6,9823
1995,12,30,3,12278
1995,10,28,2,11174
1995,3,3,3,11532
1995,7,4,3,9315
1995,10,15,7,10894
1995,9,8,4,11408
1995,12,16,1,8604
1995,5,9,6,10257
1995,1,19,4,8903
1995,7,16,4,10556
1995,4,18,4,10358
1995,10,11,4,11269
1995,7,23,1,12427
1995,1,12,4,14405
1995,10,4,1,11414
1995,12,22,5,9701
1995,1,19,7,11302
1995,8,15,1,9944
1995,8,20,4,11070
1995,8,9,6,8957
1995,11,2,5,6861
1995,8,1,3,13400
1995,5,2,6,9712
1995,11,8,6,10125
1995,2,25,4,10145
1995,6,19,7,6522
1995,2,20,5,11361
1995,11,22,1,13139
1995,12,30,1,14036
1995,11,30,3,10253
1995,8,13,6,11419
1995,5,1,4,9900
1995,12,18,5,7521
1995,8,6,3,10865
1995,2,4,4,13101
1995,6,25,5,11856
1995,10,16,7,10899
1995,9,22,1,8782
1995,6,29,3,8388
1995,5,5,3,14540
1995,11,3,2,11344
1995,6,5,7,11275
1995,3,26,3,10942
1995,10,14,7,12034
1995,6,5,1,10872
1995,7,10,5,10674
1995,4,17,4,11740
1995,6,10,5,12552
1995,5,19,6,9303
1995,11,11,7,10654
1995,1,7,2,9294
1995,2,11,6,11662
1995,5,30,7,11115
1995,5,7,2,12903
1995,12,24,4,9195
1995,4,8,1,8981
1995,12,27,1,9126
1995,4,29,1,11255
1995,6,8,4,13332
1995,9,25,5,13802
1995,12,14,3,10960
1995,4,10,2,13637
1995,9,14,5,11019
1995,7,3,4,13219
1995,1,24,6,12199
1995,6,13,4,7915
1995,9,12,6,12229
1995,6,14,3,10760
1995,11,4,3,8917
1995,9,6,6,9642
1995,8,11,6,14540
1995,2,10,4,9031
1995,2,9,4,10551
1995,9,27,7,13227
1995,2,12,5,10143
1995,1,5,3,10008
1995,12,28,7,8283
1995,5,22,1,9974
1995,8,9,3,11748
1995,5,2,3,8773
1995,4,8,2,11943
1995,2,17,1,11787
1995,2,20,4,13880
1995,2,19,2,11979
1995,8,21,6,10907
1995,11,19,3,13431
1995,9,1,5,9130
1995,12,23,4,8659
1995,1,22,7,12189
1995,4,9,7,8962
1995,5,19,3,7798
1995,1,31,7,13063
1995,9,29,5,9196
1995,2,17,6,12855
1995,2,7,1,8846
1995,10,26,5,11370
1995,5,14,1,14540
1995,8,15,7,12337
1995,9,4,2,10380
1995,10,7,5,11847
1995,2,23,4,9408
1995,3,14,1,12317
1995,12,10,7,7491
1995,6,14,2,12004
1995,5,4,7,13154
1995,10,11,2,10551
1995,10,20,1,9294
1995,2,17,4,8542
1995,3,12,5,14540
1995,7,3,1,10056
1995,10,3,3,13806
1995,10,9,7,10437
1995,8,18,3,8221
1995,10,25,5,11221
1995,4,1,3,9589
1995,12,6,2,14475
1995,4,8,4,8546
1995,7,19,7,11593
1995,7,30,4,10467
1995,1,18,1,12171
1995,11,13,6,11183
1995,6,13,5,9988
1995,4,10,1,11774
1995,7,30,4,8801
1995,6,27,1,14362
1995,5,16,7,7045
1995,9,25,1,13296
1995,8,31,3,12631
1995,3,11,6,9188
1995,8,11,7,12733
1995,8,18,7,11265
1995,8,20,1,13053
1995,4,24,5,7516
1995,3,30,2,7781
1995,8,9,5,9260
1995,4,17,4,11596
1995,2,28,2,9351
1995,6,18,1,10346
1995,7,24,3,14287
1995,3,2,2,13970
1995,8,22,3,12621
1995,1,3,4,10603
1995,6,24,7,11071
1995,8,7,7,11927
1995,9,25,5,9647
1995,1,14,4,11032
1995,11,26,3,10873
1995,2,7,1,9336
1995,7,24,2,7508
1995,10,27,3,7319
1995,9,15,6,12385
1995,9,15,4,8070
1995,9,25,6,10714
1995,2,10,3,9763
1995,2,6,2,12125
1995,11,18,6,9981
1995,11,19,3,12506
1995,5,17,5,9931
1995,5,10,4,12284
1995,12,7,4,13781
1995,9,10,5,10818
1995,11,15,5,9137
1995,11,2,2,8955
1995,7,11,1,12033
1995,4,6,1,9122
1995,6,29,5,10254
1996,9,30,7,10950
1996,6,11,3,11808
1996,3,24,3,12876
1996,8,16,5,14362
1996,8,12,4,7146
1996,8,11,6,8145
1996,12,22,6,10629
1996,1,26,3,11389
1996,2,3,7,12066
1996,6,11,5,10567
1996,9,19,3,9187
1996,12,1,3,12687
1996,6,7,2,8879
1996,1,14,6,12212
1996,2,21,3,11740
1996,1,3,2,7025
1996,1,8,5,10763
1996,12,9,6,7247
1996,6,31,5,12357
1996,9,30,5,11697
1996,4,21,1,14095
1996,8,9,2,11011
1996,1,14,2,12528
1996,12,16,5,13237
1996,10,21,5,11812
1996,7,19,6,11912
1996,6,30,6,10601
1996,5,6,7,7605
1996,3,16,4,12683
1996,10,18,2,11811
1996,6,24,1,14443
1996,12,23,1,10690
1996,1,15,4,9836
1996,4,8,5,9984
1996,5,6,7,13025
1996,10,2,3,9993
1996,10,4,3,12344
1996,2,24,5,10540
1996,5,11,6,12340
1996,3,12,7,11660
1996,1,29,3,14540
1996,1,15,1,8763
1996,3,25,2,9231
1996,10,19,1,9328
1996,3,20,6,11981
1996,5,1,2,12368
1996,2,8,2,12302
1996,9,26,4,11714
1996,5,15,2,12323
1996,5,19,5,14540
1996,6,3,4,14482
1996,6,30,7,10675
1996,3,27,5,11139
1996,11,3,7,11441
1996,1,24,6,10088
1996,1,18,6,11407
1996,11,20,4,11486
1996,11,5,4,10512
1996,5,22,2,10929
1996,9,5,6,9790
1996,4,28,1,9979
1996,6,12,6,12183
1996,8,31,5,10879
1996,5,27,1,9904
1996,10,5,1,13551
1996,3,23,1,11772
1996,9,18,2,7424
1996,2,17,2,10103
1996,12,16,2,9571
1996,11,2,1,10199
1996,3,15,4,12791
1996,10,17,4,13381
1996,1,25,2,9410
1996,7,3,3,11543
1996,11,10,6,9276
1996,8,12,5,8703
1996,3,12,2,12454
1996,2,14,3,9158
1996,4,16,5,7659
1996,3,4,6,9109
1996,3,28,3,9460
1996,5,7,4,10448
1996,2,27,6,8754
1996,7,18,2,7363
1996,10,19,1,10713
1996,2,20,1,12067
1996,12,14,7,13644
1996,3,19,6,8759
1996,3,3,6,10840
1996,8,5,5,10975
1996,12,27,6,11882
1996,12,23,1,11512
1996,12,12,1,6922
1996,7,8,5,8089
1996,10,6,1,10648
1996,12,30,5,13901
1996,8,3,7,11247
1996,9,28,3,11491
1996,10,25,3,12211
1996,2,17,2,12117
1996,5,4,7,11948
1996,8,4,6,8333
1996,2,26,1,11075
1996,9,25,7,11441
1996,11,16,4,12937
1996,4,24,4,10325
1996,9,5,7,10249
1996,10,8,2,7883
1996,11,18,7,8486
1996,5,7,1,9935
1996,6,28,1,10371
1996,11,23,3,10767
1996,5,19,1,11272
1996,4,6,4,12760
1996,7,22,5,13064
1996,5,14,5,13896
1996,6,16,7,13318
1996,9,23,2,13516
1996,9,7,3,12988
1996,5,23,1,10608
1996,10,30,5,9637
1996,7,21,4,9373
1996,12,25,4,14540
1996,2,7,2,9964
1996,9,17,7,7587
1996,7,5,6,9802
1996,10,17,1,9308
1996,7,4,3,10073
1996,3,13,5,9891
1996,12,13,4,9474
1996,4,14,3,9763
1996,4,8,1,11173
1996,3,18,7,9967
1996,9,20,5,14405
1996,9,25,6,8561
1996,10,24,4,14540
1996,10,6,3,11385
1996,1,14,4,10324
1996,8,18,2,14312
1996,12,4,2,11941
1996,2,22,5,11032
1996,12,23,4,8428
1996,9,18,6,14540
1996,9,11,4,10530
1996,3,29,1,8459
1996,2,27,1,12151
1996,6,21,7,10552
1996,4,26,3,12998
1996,7,13,4,8205
1996,1,1,1,12153
1996,11,23,1,9664
1996,12,20,7,11401
1996,10,25,2,10422
1996,8,26,7,13079
1996,12,22,1,8281
1996,12,14,6,14540
1996,8,16,4,11516
1996,1,5,3,10454
1996,1,27,4,10530
1996,6,16,5,12290
1996,3,28,2,12509
1996,7,2,1,8329
1996,5,13,6,9695
1996,10,11,3,8225
1996,10,12,5,9407
1996,4,15,3,14540
1996,4,14,3,13607
1996,4,9,3,10170
1996,2,17,7,12164
1996,2,18,6,9018
1996,2,13,2,13488
1996,1,19,1,12019
1996,4,2,2,10400
1996,1,11,4,12080
1996,1,8,1,11799
1996,4,14,2,12478
1996,6,25,6,10766
1996,6,17,5,11173
1996,5,12,1,11307
1996,3,19,7,12647
1996,6,7,1,7486
1996,2,19,1,8008
1996,11,26,3,11974
1996,3,15,5,8909
1996,6,5,1,8810
1996,4,16,7,7490
1996,2,10,5,10831
1996,12,15,1,13276
1996,8,8,6,11493
1996,5,28,1,12981
1996,3,3,6,8440
1996,8,4,4,13217
1996,4,19,7,14028
1996,11,28,6,12560
1996,7,30,5,12412
1996,5,22,3,13603
1996,9,18,3,6443
1996,8,17,6,12999
1996,3,17,3,8391
1996,7,29,2,12579
1996,1,30,4,8580
1996,9,21,4,11704
1996,1,3,2,12434
1996,3,4,6,10533
1996,4,8,5,10686
1996,4,30,7,6671
1996,10,15,3,11996
1996,5,15,5,12934
1996,7,24,5,9045
1996,11,5,7,9665
1996,2,1,6,11314
1996,10,15,5,10237
1996,5,24,5,13872
1996,6,22,5,10344
1996,6,25,7,10006
1996,1,13,2,12992
1996,11,27,6,12018
1996,8,18,1,9010
1996,3,6,2,11543
1996,2,26,1,8389
1996,10,31,1,10384
1996,8,16,4,8731
1996,12,25,2,10375
1996,4,26,1,8569
1996,6,5,2,10767
1996,1,20,4,13770
1996,12,29,4,13351
1996,11,20,3,11364
1996,11,17,6,9601
1996,5,26,6,10857
1996,10,21,5,11016
1996,8,5,1,8757
1996,10,17,5,12483
1996,1,13,1,11300
1996,4,12,6,12207
1996,7,25,5,12426
1996,4,1,5,8647
1996,11,6,3,14540
1996,2,3,3,13197
1996,2,17,6,11799
1996,12,19,1,12442
1996,12,3,5,10663
1996,4,10,7,13107
1996,10,24,5,10384
1996,8,26,4,12226
1996,1,3,2,10519
1996,3,20,4,9295
1996,11,28,6,8979
1996,10,17,7,13315
1996,2,23,3,12249
1996,12,17,7,9969
1996,3,11,5,11244
1996,1,8,2,8741
1996,8,6,2,13257
1996,11,6,6,11459
1996,1,1,4,12565
1996,4,6,2,7784
1996,3,24,7,9440
1996,9,6,7,9386
1996,1,5,2,11335
1996,3,4,5,14540
1996,2,7,1,9869
1996,1,18,7,11358
1996,2,7,5,10803
1996,2,10,5,11942
1996,3,1,2,11691
1996,12,9,4,9543
1996,12,20,2,11256
1996,8,11,7,13051
1996,3,23,5,9955
1996,8,5,7,9159
1996,9,12,6,12596
1996,10,3,7,10078
1996,7,17,7,11070
1996,9,19,5,11033
1996,12,28,6,10758
1996,10,15,2,12990
1996,6,9,7,11210
1996,2,22,7,10303
1996,4,14,4,10910
1996,12,16,6,13321
1996,10,30,2,10408
1996,11,21,5,11319
1996,3,18,4,10509
1996,4,27,4,6534
1996,7,22,1,13180
1996,6,9,2,8958
1996,5,3,7,13208
1996,2,3,1,12705
1996,4,26,2,10258
1996,5,3,4,12768
1996,9,23,4,12752
1996,7,6,6,10162
1996,1,7,5,10270
1996,2,2,5,10797
1996,2,6,6,10126
1996,9,6,6,11789
1996,2,20,4,11423
1996,3,5,7,9976
1996,8,18,7,10945
1996,8,15,4,11641
1996,9,10,4,11144
1996,4,28,4,11795
1996,6,20,7,13076
1996,10,28,7,14540
1996,11,7,4,11729
1996,11,9,6,9467
1996,3,18,5,7211
1996,12,30,7,12362
1996,3,11,2,8000
1996,10,20,6,12965
1996,11,28,3,13950
1996,11,18,2,12058
1996,3,15,3,11580
1996,5,6,1,12970
1996,6,27,3,11911
1996,6,28,6,11888
1996,4,22,6,9156
1996,3,11,6,7777
1996,10,15,2,12186
1996,6,14,3,11163
1996,1,5,5,11510
1996,5,20,6,9381
1996,6,7,3,8033
1996,5,22,7,11453
1996,10,12,7,8530
1996,10,6,2,9999
1996,7,13,4,13260
1996,10,2,2,7785
1996,7,7,7,13328
1996,6,22,2,11443
1996,2,2,7,12419
1996,7,14,4,13485
1996,7,2,6,9182
1996,11,12,1,11340
1996,7,2,6,13791
1996,11,20,1,10406
1996,6,6,3,14113
1996,8,9,2,8080
1996,6,22,5,10354
1996,6,28,4,13629
1996,3,23,5,12499
1996,6,31,4,11967
1996,1,20,5,8315
1996,7,22,1,10394
1996,8,19,5,7897
1996,5,4,1,9954
1996,4,19,5,12291
1996,5,19,1,13421
1996,3,22,2,8776
1996,3,21,2,10697
1996,10,22,2,11495
1996,8,13,5,9181
1996,3,22,1,12631
1996,12,25,7,10416
1996,4,5,7,7820
1996,4,18,7,7563
1996,5,15,3,9555
1996,10,12,7,8556
1996,1,23,6,9711
1996,6,24,7,10700
1997,8,3,5,8974
1997,1,18,3,9970
1997,2,26,6,9271
1997,9,18,4,12571
1997,2,12,4,10236
1997,11,3,4,13125
1997,1,23,2,11974
1997,9,13,3,10120
1997,1,8,1,10144
1997,5,28,1,10639
1997,2,27,2,13418
1997,7,13,4,9860
1997,7,27,3,11130
1997,6,15,4,9285
1997,2,3,3,11372
1997,9,8,4,10524
1997,7,16,2,11691
1997,3,2,4,13449
1997,2,31,4,10772
1997,1,23,7,13427
1997,7,19,4,11098
1997,3,22,3,9289
1997,7,27,1,10096
1997,6,16,4,11973
1997,10,6,3,12738
1997,2,21,1,10905
1997,4,12,4,11997
1997,11,13,7,10109
1997,2,18,7,9863
1997,9,6,2,8390
1997,12,3,2,11622
1997,3,23,6,11003
1997,5,11,6,10037
1997,9,23,4,11216
1997,1,23,5,10992
1997,3,15,4,12521
1997,7,9,1,13457
1997,3,1,5,9971
1997,2,14,2,8887
1997,1,5,4,13161
1997,12,13,1,9441
1997,7,14,6,12268
1997,5,25,6,10201
1997,9,20,4,12262
1997,1,11,6,11971
1997,12,24,5,12301
1997,7,15,4,13669
1997,11,29,6,12836
1997,5,22,1,10433
1997,2,10,5,8892
1997,3,14,7,13622
1997,4,6,7,12177
1997,3,30,5,13069
1997,6,21,3,8988
1997,5,1,5,9950
1997,12,8,3,14389
1997,7,21,5,12271
1997,11,18,4,12023
1997,12,18,7,14540
1997,2,19,5,8534
1997,10,17,4,9650
1997,5,25,4,9687
1997,5,13,7,8926
1997,7,24,2,11866
1997,9,19,7,12162
1997,8,27,6,11153
1997,2,27,3,10128
1997,11,5,4,10634
1997,2,17,5,13549
1997,7,10,5,14540
1997,9,9,1,13476
1997,6,7,6,8341
1997,2,16,1,12858
1997,7,6,1,11591
1997,8,13,6,7186
1997,1,23,7,11897
1997,12,7,3,10140
1997,4,23,2,10535
1997,9,9,2,9907
1997,1,11,3,11305
1997,2,13,2,11257
1997,11,12,6,7747
1997,2,19,6,11466
1997,2,4,1,10007
1997,7,9,5,7827
1997,1,2,3,9071
1997,4,28,4,9213
1997,5,29,4,11114
1997,6,19,5,13468
1997,6,19,6,14540
1997,9,30,7,12467
1997,1,18,2,12414
1997,7,9,6,10630
1997,12,19,5,9292
1997,2,9,4,11575
1997,8,4,5,10086
1997,11,14,1,12625
1997,8,20,7,6742
1997,1,14,2,13724
1997,1,23,6,8582
1997,6,26,2,7539
1997,4,7,4,9764
1997,7,23,5,10438
1997,8,19,4,10340
1997,2,17,5,11392
1997,5,10,6,10057
1997,4,4,7,10616
1997,8,31,3,10447
1997,11,13,6,11145
1997,6,16,1,14540
1997,9,20,1,14461
1997,5,8,2,7705
1997,6,6,7,10678
1997,11,16,1,14540
1997,6,27,6,10311
1997,10,8,3,10023
1997,9,25,2,10554
1997,12,22,4,12076
1997,4,8,5,8121
1997,9,23,6,14540
1997,5,22,3,9365
1997,8,24,3,8495
1997,6,17,3,11026
1997,9,12,1,10443
1997,8,14,3,11541
1997,4,10,2,9096
1997,1,17,3,7627
1997,6,20,5,9758
1997,8,19,1,13945
1997,3,30,1,11010
1997,6,24,3,10087
1997,10,14,5,13045
1997,4,12,6,6443
1997,3,10,6,9439
1997,1,8,1,8667
1997,8,11,5,11399
1997,12,8,3,10843
1997,12,15,4,9085
1997,8,9,3,6443
1997,2,14,2,9682
1997,1,9,4,11995
1997,1,28,1,12557
1997,4,14,7,8140
1997,4,14,6,10195
1997,3,10,2,13275
1997,6,30,6,13401
1997,1,16,1,12262
1997,4,30,4,6443
1997,4,6,2,9366
1997,2,14,5,13215
1997,5,7,6,10169
1997,10,12,1,14540
1997,12,11,2,10258
1997,11,4,1,12053
1997,11,20,6,12619
1997,9,5,3,11983
1997,3,5,5,9664
1997,10,27,1,8035
1997,12,30,7,8802
1997,4,5,7,11216
1997,6,10,1,8653
1997,9,4,6,9389
1997,11,7,2,11721
1997,4,29,2,11843
1997,1,26,2,10328
1997,5,6,1,13830
1997,7,27,6,8417
1997,5,8,6,14540
1997,2,26,1,10820
1997,9,26,1,11410
1997,8,27,1,9341
1997,12,12,6,8726
1997,8,7,3,9653
1997,3,9,5,9993
1997,3,29,7,7969
1997,12,22,7,10414
1997,3,5,4,12884
1997,8,18,7,7904
1997,9,23,1,13436
1997,8,14,2,9614
1997,12,19,4,13281
1997,8,25,7,13294
1997,12,13,6,11820
1997,1,25,6,10333
1997,1,6,2,10660
1997,6,15,2,9397
1997,5,26,7,11087
1997,7,9,4,10491
1997,1,22,6,12918
1997,10,15,2,9659
1997,12,4,1,8919
1997,9,6,6,12351
1997,8,9,6,7313
1997,10,9,6,13915
1997,3,3,7,10773
1997,9,13,1,9650
1997,12,27,1,10468
1997,6,30,2,11425
1997,4,7,2,12211
1997,7,5,1,9403
1997,7,20,2,10564
1997,1,16,5,10976
1997,1,17,3,11330
1997,11,16,3,13016
1997,8,30,4,10830
1997,10,27,4,7376
1997,12,17,7,9765
1997,3,17,7,7906
1997,1,6,4,11011
1997,12,23,2,11070
1997,8,29,5,10805
1997,8,26,1,9562
1997,4,17,3,8168
1997,4,27,3,7916
1997,12,27,5,11904
1997,12,29,5,7422
1997,11,19,5,10897
1997,8,23,2,8443
1997,11,7,1,7213
1997,4,29,7,10361
1997,11,11,5,11795
1997,8,3,5,12116
1997,3,20,2,12648
1997,12,14,3,6703
1997,11,8,1,8418
1997,11,21,7,11364
1997,8,24,7,9603
1997,2,26,1,9784
1997,6,11,2,10777
1997,11,11,5,9571
1997,4,5,4,8693
1997,8,19,3,12403
1997,5,8,1,10980
1997,9,9,5,10404
1997,5,13,5,9024
1997,4,14,7,10259
1997,11,5,4,11937
1997,9,19,4,9400
1997,6,26,7,10149
1997,10,19,5,10710
1997,10,11,4,13228
1997,7,27,1,8695
1997,7,4,4,10037
1997,7,17,7,14540
1997,9,21,3,9713
1997,5,22,1,13370
1997,2,30,2,11395
1997,6,31,6,10416
1997,7,14,7,8307
1997,7,15,1,8523
1997,5,1,6,9203
1997,9,15,3,11170
1997,7,8,6,9251
1997,10,27,4,13710
1997,12,19,4,10798
1997,3,11,4,10684
1997,1,9,2,14177
1997,8,29,6,13423
1997,1,15,4,11939
1997,6,7,3,12352
1997,7,15,7,10735
1997,6,24,7,13796
1997,12,14,3,10157
1997,5,10,7,9335
1997,5,21,7,9911
1997,6,26,3,12765
1997,6,2,4,12521
1997,8,15,4,10192
1997,3,31,7,13172
1997,4,29,3,12781
1997,1,15,1,12306
1997,7,11,6,11760
1997,4,30,6,13108
1997,6,29,5,13318
1997,2,11,7,10948
1997,10,25,5,10705
1997,9,23,7,11514
1997,4,18,5,10519
1997,2,17,3,12080
1997,5,11,1,9047
1997,6,13,7,11329
1997,2,4,5,10846
1997,4,26,2,12868
1997,11,26,5,12294
1997,5,23,5,10251
1997,10,29,7,12873
1997,7,28,3,12847
1997,1,17,7,11856
1997,9,6,1,12390
1997,2,1,5,11914
1997,9,24,6,10448
1997,7,17,3,8777
1997,4,12,5,8113
1997,3,14,7,10684
1997,3,5,1,11087
1997,11,23,2,11662
1997,1,20,4,11400
1997,8,17,6,13234
1997,4,26,3,8137
1997,4,30,3,14540
1997,8,28,3,10225
1997,3,8,6,13111
1997,6,20,7,11837
1997,5,21,5,11665
1997,4,18,1,9632
1997,9,25,2,9873
1997,3,12,6,7209
1997,9,8,6,7991
1997,3,17,3,12828
1997,1,29,3,9516
1997,6,27,2,6727
1997,7,16,3,10081
1997,8,28,2,9258
1997,6,26,7,10091
1997,4,27,3,14540
1997,11,9,3,11621
1997,9,11,3,8433
1997,12,15,6,10272
1997,2,3,2,12680
1997,5,7,5,12154
1997,9,16,4,10961
1997,8,29,1,12694
1997,3,5,3,11140
1997,2,6,2,11992
1997,4,2,3,9539
1997,12,9,6,9343
1997,9,29,4,12667
1997,7,1,7,9021
1997,11,18,4,12072
1997,2,8,1,7905
1997,4,23,4,9648
1997,9,28,4,11879
1997,6,11,4,9829
1997,3,19,6,10723
1997,12,20,2,11245
1997,1,30,7,8740
1997,11,13,3,9406
1997,5,23,1,10540
1997,12,6,2,12276
1997,7,27,3,8934
1997,1,26,7,9559
1997,7,30,7,7580
1997,3,6,3,10314
1997,5,13,7,11308
1997,7,14,1,11895
1997,8,18,6,8278
1997,11,7,3,13529
1997,11,22,6,8973
1997,10,17,5,10714
1997,5,1,7,11384
1997,12,25,3,11019
1997,11,4,7,14117
1998,1,26,2,14498
1998,9,28,4,10223
1998,1,6,1,11828
1998,10,14,4,11161
1998,11,24,5,14179
1998,7,27,5,8582
1998,11,8,4,6985
1998,8,31,3,14077
1998,11,15,1,9545
1998,5,19,1,11546
1998,5,2,1,13073
1998,3,19,6,10666
1998,7,7,1,12801
1998,2,15,3,9841
1998,12,12,6,11500
1998,11,13,6,8103
1998,1,22,1,13278
1998,2,7,5,11671
1998,6,15,6,12299
1998,8,9,3,7983
1998,6,17,3,13682
1998,8,3,4,8589
1998,5,28,2,10299
1998,1,28,1,9240
1998,8,27,7,8132
1998,9,23,2,12648
1998,9,11,5,8029
1998,12,24,5,10454
1998,12,30,1,12021
1998,5,28,4,9024
1998,2,4,1,10574
1998,11,28,5,8924
1998,6,8,7,13063
1998,12,31,7,10353
1998,5,23,1,11049
1998,12,2,5,10875
1998,10,26,1,9389
1998,1,7,2,9464
1998,11,11,5,10764
1998,7,9,1,12782
1998,12,12,6,11073
1998,9,28,6,9278
1998,1,27,4,12433
1998,11,9,4,9843
1998,2,11,3,10880
1998,6,15,2,12929
1998,11,13,2,11165
1998,11,18,3,10509
1998,6,3,3,7995
1998,2,26,6,12353
1998,1,13,2,11058
1998,6,10,7,14540
1998,8,20,2,11401
1998,9,7,3,10528
1998,10,21,2,7670
1998,4,28,3,11515
1998,9,4,6,10758
1998,12,21,4,9789
1998,11,31,3,7480
1998,3,15,2,12624
1998,6,30,7,9898
1998,2,26,2,9746
1998,2,26,6,14540
1998,5,12,4,9170
1998,10,23,3,12371
1998,9,29,7,12255
1998,1,8,7,11127
1998,5,29,7,9844
1998,2,9,6,9606
1998,9,19,4,7989
1998,5,17,3,10430
1998,3,27,2,11312
1998,8,16,3,10735
1998,8,19,5,12043
1998,7,11,5,9732
1998,1,3,7,9073
1998,7,5,2,7821
1998,1,8,3,7183
1998,9,5,5,11130
1998,11,13,7,12550
1998,6,21,2,13145
1998,3,10,3,13578
1998,5,9,3,12039
1998,5,23,3,12608
1998,8,30,4,12121
1998,3,12,1,12013
1998,8,15,7,8658
1998,10,29,2,13775
1998,6,3,2,8563
1998,3,28,1,13777
1998,5,3,1,10539
1998,5,13,7,13567
1998,1,6,4,7134
1998,9,11,3,12629
1998,7,17,7,9478
1998,4,21,4,9509
1998,5,4,2,12640
1998,5,10,6,13111
1998,10,31,2,6486
1998,2,8,5,13752
1998,2,10,4,9973
1998,3,24,7,8388
1998,12,31,6,11132
1998,5,30,7,10851
1998,3,8,6,11533
1998,11,13,7,9694
1998,1,13,7,9621
1998,6,12,4,10202
1998,3,11,6,10139
1998,11,7,5,12093
1998,6,6,5,6985
1998,12,3,6,11109
1998,3,22,3,10865
1998,3,6,5,9095
1998,5,23,7,10509
1998,5,5,2,12215
1998,3,4,3,12267
1998,8,10,5,10507
1998,3,3,3,11543
1998,12,30,5,13145
1998,12,5,5,7204
1998,11,18,7,10331
1998,2,23,7,10683
1998,7,17,4,8405
1998,7,3,3,12350
1998,2,27,4,11013
1998,7,30,4,10059
1998,4,16,3,6562
1998,2,16,7,10607
1998,1,24,7,11624
1998,9,1,3,13921
1998,1,7,7,8712
1998,3,10,7,11942
1998,11,12,3,8826
1998,6,19,2,12690
1998,4,15,3,11406
1998,8,8,1,10617
1998,7,6,6,12228
1998,10,30,1,10673
1998,2,7,2,9053
1998,2,15,7,12823
1998,9,12,6,9050
1998,5,28,3,10436
1998,4,2,5,12026
1998,3,18,7,11013
1998,9,31,2,11919
1998,10,3,4,12282
1998,7,4,3,12568
1998,10,16,6,11022
1998,4,6,1,10835
1998,9,5,2,10988
1998,3,24,6,8704
1998,6,17,6,13827
1998,5,27,3,12125
1998,2,26,5,8609
1998,3,18,5,10241
1998,3,5,3,14191
1998,6,13,2,12426
1998,7,8,3,12056
1998,6,20,6,9027
1998,10,22,2,14305
1998,10,15,5,11100
1998,11,15,7,9567
1998,5,21,1,10678
1998,4,10,2,10251
1998,1,18,4,7150
1998,12,14,6,12381
1998,5,8,7,10022
1998,3,23,1,6443
1998,10,4,2,9707
1998,9,12,3,10817
1998,4,6,3,11295
1998,11,21,1,13769
1998,8,19,5,10446
1998,1,24,4,10141
1998,11,8,1,10101
1998,6,24,3,10888
1998,2,18,6,12282
1998,5,7,1,12939
1998,1,14,7,14540
1998,8,21,2,9641
1998,5,5,1,9301
1998,7,21,5,12178
1998,1,14,4,12716
1998,4,12,3,12251
1998,6,30,2,9427
1998,11,15,6,12125
1998,11,30,1,9153
1998,5,7,3,9555
1998,6,14,6,12518
1998,12,14,2,7239
1998,7,17,5,7344
1998,6,30,6,10817
1998,10,11,7,8798
1998,3,29,3,9683
1998,5,2,6,10937
1998,10,29,4,12063
1998,11,21,5,12683
1998,7,20,2,10258
1998,5,2,3,11760
1998,3,9,6,11828
1998,11,11,6,12224
1998,11,4,1,12207
1998,6,15,3,9688
1998,7,15,1,12394
1998,3,2,1,14008
1998,11,1,7,8896
1998,9,20,2,10443
1998,2,12,6,10704
1998,9,26,7,11864
1998,11,18,6,11788
1998,5,27,2,11309
1998,9,26,5,9943
1998,9,12,4,11244
1998,10,16,7,9650
1998,8,2,4,10584
1998,3,29,2,10083
1998,8,17,2,6443
1998,4,1,2,13498
1998,4,10,7,9597
1998,1,3,6,10674
1998,6,19,5,11441
1998,3,27,4,8908
1998,4,26,6,9676
1998,8,7,7,9851
1998,4,7,5,13076
1998,1,21,7,11776
1998,1,23,1,9319
1998,9,18,1,10614
1998,8,1,6,11136
1998,6,18,5,7623
1998,1,21,5,7481
1998,8,2,4,12359
1998,2,22,7,10801
1998,8,10,7,11081
1998,8,29,6,14540
1998,6,8,5,13194
1998,3,17,2,8287
1998,3,18,2,12108
1998,7,26,7,12362
1998,1,22,4,8158
1998,3,13,2,12523
1998,4,15,4,10078
1998,9,7,2,12060
1998,4,4,5,10951
1998,5,5,5,10664
1998,2,6,2,14540
1998,10,31,5,11880
1998,8,16,2,11919
1998,7,16,4,10144
1998,8,7,2,13475
1998,1,24,6,14098
1998,12,5,2,9751
1998,3,16,3,9494
1998,2,14,4,9444
1998,10,3,5,12788
1998,9,18,7,7360
1998,6,24,7,9032
1998,3,22,2,11646
1998,11,8,3,11102
1998,10,17,1,10983
1998,10,26,7,11332
1998,6,4,2,11808
1998,1,14,1,11900
1998,8,27,7,10918
1998,10,17,6,12105
1998,11,23,7,8768
1998,2,8,1,11452
1998,10,11,4,12620
1998,2,4,6,13739
1998,4,19,2,10964
1998,4,2,4,10973
1998,1,4,3,8223
1998,9,29,6,13363
1998,2,24,6,13408
1998,5,8,6,9083
1998,7,14,2,9999
1998,11,1,6,7844
1998,1,16,4,11106
1998,3,12,1,12415
1998,1,13,3,12189
1998,9,7,2,7964
1998,2,13,2,12773
1998,11,8,4,9752
1998,11,8,6,10348
1998,7,13,4,8552
1998,5,19,2,11932
1998,6,5,3,13774
1998,12,25,5,10320
1998,8,7,6,11488
1998,2,28,7,7577
1998,4,20,6,10715
1998,7,6,7,11568
1998,8,21,1,7953
1998,12,20,5,6443
1998,8,4,6,10985
1998,8,13,7,7636
1998,7,4,5,12084
1998,6,25,1,12206
1998,4,20,7,9140
1998,10,22,1,11400
1998,6,30,2,10234
1998,1,23,5,12758
1998,12,4,3,13921
1998,2,5,6,10145
1998,10,9,7,9090
1998,5,22,3,12831
1998,12,7,1,10566
1998,1,18,4,10340
1998,2,10,7,8896
1998,1,28,5,11653
1998,8,27,1,11709
1998,12,16,7,12664
1998,3,5,2,11425
1998,9,22,4,13402
1998,10,25,5,11401
1998,8,11,1,8771
1998,2,19,4,11015
1998,3,8,6,11767
1998,9,12,5,11309
1998,2,18,4,13106
1998,8,20,1,9216
1998,11,5,2,11799
1998,10,29,1,9906
1998,5,20,6,9847
1998,8,3,7,13291
1998,11,20,4,9476
1998,1,22,1,13410
1998,3,28,7,11337
1998,7,10,2,13241
1998,8,5,6,9651
1998,6,24,4,10624
1998,4,17,2,8792
1998,8,11,1,10067
1998,5,2,2,12463
1998,7,19,6,11781
1998,6,4,7,10981
1998,2,5,2,8419
1998,10,21,3,8669
1998,7,13,4,13887
1998,5,28,6,11244
1998,12,22,7,11404
1998,6,17,7,9850
1998,9,4,2,14268
1998,5,16,2,13408
1998,9,3,3,11578
1998,11,11,7,9970
1998,11,26,5,11761
1998,5,14,1,11207
1998,1,28,1,10437
1998,8,11,5,10125
1998,6,1,3,10962
1998,12,17,6,12009
1998,7,21,5,13235
1998,11,12,4,10295
1999,3,17,3,13013
1999,9,15,3,12607
1999,7,27,6,13077
1999,4,30,6,10815
1999,10,17,4,12859
1999,12,16,6,12699
1999,3,24,4,12951
1999,5,4,2,11451
1999,8,24,2,14161
1999,5,7,3,12341
1999,12,24,5,13168
1999,9,9,6,11869
1999,9,27,4,7886
1999,1,1,3,8610
1999,4,3,2,6443
1999,3,6,7,9827
1999,8,6,1,9709
1999,9,3,3,10534
1999,1,16,6,6443
1999,9,14,1,9690
1999,5,9,6,14540
1999,8,13,4,11895
1999,11,21,6,12534
1999,7,16,3,8475
1999,8,4,4,11618
1999,5,9,6,9096
1999,9,27,2,11942
1999,1,23,3,9971
1999,2,17,1,10388
1999,1,30,7,12329
1999,3,13,4,11941
1999,1,24,5,10880
1999,9,13,4,13611
1999,7,19,4,10412
1999,6,13,1,7898
1999,5,11,4,12400
1999,5,7,6,12597
1999,9,19,4,11943
1999,2,28,1,10241
1999,2,23,2,11477
1999,2,18,5,10877
1999,12,5,1,6443
1999,2,2,2,9999
1999,3,27,6,12098
1999,6,6,2,10579
1999,10,24,5,10063
1999,3,7,2,13325
1999,1,27,3,11478
1999,1,2,6,11212
1999,9,11,6,10903
1999,7,6,3,12538
1999,11,18,5,10312
1999,7,16,7,10972
1999,9,25,7,12777
1999,5,28,4,13584
1999,4,24,5,11837
1999,1,12,5,11862
1999,5,30,6,9057
1999,1,11,4,10631
1999,11,21,3,8651
1999,3,2,2,12611
1999,8,16,7,10040
1999,1,24,4,9896
1999,6,14,4,14461
1999,2,14,2,10746
1999,12,30,6,9979
1999,5,9,2,7599
1999,7,18,4,11670
1999,3,8,4,8779
1999,1,14,6,11062
1999,3,26,4,12153
1999,6,22,2,10635
1999,2,18,1,10878
1999,11,8,4,8714
1999,3,26,1,11559
1999,5,21,7,9566
1999,11,11,2,11083
1999,4,28,1,9199
1999,9,21,5,11462
1999,7,8,4,11323
1999,10,29,2,13409
1999,1,4,6,9568
1999,9,16,1,12095
1999,12,7,5,11244
1999,4,17,6,9693
1999,2,5,1,12284
1999,10,12,5,12717
1999,9,16,1,7967
1999,7,6,1,12885
1999,4,20,1,10002
1999,6,29,7,11036
1999,12,29,1,9301
1999,11,6,3,11237
1999,1,27,4,14540
1999,11,22,5,11498
1999,7,10,6,13347
1999,7,7,3,9709
1999,3,15,1,8384
1999,11,20,3,10799
1999,8,14,6,13147
1999,2,2,3,9711
1999,10,20,7,8270
1999,3,9,3,9847
1999,4,30,5,12462
1999,1,8,1,12935
1999,3,14,2,11246
1999,10,22,2,10616
1999,5,20,6,12321
1999,9,1,6,11001
1999,5,24,6,11601
1999,1,30,7,12268
1999,9,3,6,11256
1999,10,19,7,11344
1999,3,4,3,11579
1999,5,28,3,12161
1999,3,10,5,10786
1999,12,28,3,12752
1999,6,20,3,10032
1999,9,6,1,11408
1999,8,5,6,10709
1999,5,31,2,14185
1999,8,24,6,6443
1999,7,22,6,11558
1999,1,28,3,11434
1999,11,7,1,11420
1999,6,16,7,11831
1999,5,7,7,13325
1999,3,28,1,8099
1999,6,8,4,12253
1999,2,1,1,11859
1999,12,18,1,11096
1999,7,24,2,10333
1999,6,6,1,10205
1999,1,20,2,14436
1999,4,3,3,7467
1999,6,7,1,10535
1999,5,3,4,11183
1999,9,27,4,13659
1999,12,8,5,9326
1999,5,30,3,13061
1999,7,10,1,8673
1999,9,22,6,11993
1999,9,12,1,11383
1999,6,7,4,10332
1999,5,23,6,10392
1999,5,18,6,7784
1999,12,26,4,12144
1999,5,30,2,10993
1999,12,25,7,10823
1999,5,13,4,10832
1999,12,6,2,9270
1999,2,12,6,9933
1999,7,27,6,9578
1999,7,3,4,11553
1999,7,15,5,10411
1999,8,29,5,9412
1999,2,11,3,11553
1999,12,25,6,10875
1999,9,6,7,11689
1999,4,21,2,9822
1999,3,20,1,8824
1999,12,20,5,11340
1999,11,13,1,11916
1999,7,8,7,12215
1999,3,26,1,10761
1999,5,4,5,10590
1999,11,9,1,9895
1999,9,10,1,11496
1999,5,10,6,12913
1999,12,11,3,14540
1999,1,5,6,12182
1999,6,2,5,11620
1999,2,20,2,11364
1999,4,2,5,7090
1999,7,6,1,13364
1999,6,5,1,10772
1999,5,15,5,11722
1999,1,30,4,10439
1999,12,11,4,8907
1999,11,21,7,14540
1999,12,18,7,10027
1999,12,23,4,8983
1999,5,2,6,11262
1999,9,30,7,8542
1999,5,4,1,10224
1999,4,15,1,8147
1999,10,12,3,11156
1999,9,26,5,7916
1999,9,4,5,12287
1999,4,22,4,12225
1999,11,19,6,8585
1999,8,11,2,9165
1999,4,19,3,7969
1999,4,27,6,11250
1999,4,5,4,9537
1999,1,1,3,8994
1999,8,22,2,10789
1999,3,18,4,14540
1999,7,7,2,11548
1999,4,17,7,14540
1999,7,26,2,9436
1999,5,9,1,7771
1999,3,24,2,9869
1999,12,10,4,11821
1999,1,29,4,9340
1999,10,22,4,8081
1999,11,16,6,11090
1999,6,3,7,10563
1999,12,2,2,12478
1999,11,3,2,13038
1999,12,10,2,11819
1999,6,13,5,11210
1999,5,7,2,10902
1999,6,15,2,10404
1999,12,19,7,12695
1999,9,9,7,9716
1999,4,18,4,11089
1999,3,17,5,11994
1999,5,27,7,13027
1999,2,21,7,13417
1999,10,24,2,10173
1999,11,16,5,11426
1999,6,28,7,13413
1999,12,12,1,10788
1999,7,18,2,12078
1999,1,2,3,13574
1999,11,26,7,11462
1999,7,25,2,12237
1999,9,27,2,10655
1999,5,19,2,12350
1999,10,19,2,11381
1999,1,8,2,14540
1999,12,19,5,14540
1999,1,8,1,12114
1999,4,28,2,9084
1999,2,7,7,11790
1999,10,10,6,9364
1999,3,14,1,10850
1999,12,26,7,11471
1999,11,21,7,9420
1999,12,7,7,12200
1999,9,13,2,9698
1999,6,8,4,8585
1999,6,15,7,9340
1999,4,28,7,14540
1999,8,15,5,8382
1999,5,15,6,13113
1999,5,27,7,11433
1999,2,17,5,11623
1999,3,31,1,11994
1999,9,23,2,10159
1999,9,31,2,7552
1999,1,6,1,11745
1999,9,25,7,8701
1999,11,1,5,9561
1999,9,11,7,10330
1999,9,5,6,12972
1999,6,31,2,13454
1999,3,19,1,12761
1999,11,23,1,11404
1999,11,10,7,13504
1999,5,18,5,12676
1999,3,16,4,12848
1999,9,18,7,8641
1999,10,14,6,9742
1999,9,27,4,6443
1999,1,21,2,11263
1999,1,23,7,9658
1999,2,12,7,8134
1999,4,26,3,9855
1999,6,12,7,10872
1999,10,19,5,10390
1999,7,27,2,12226
1999,2,16,4,10877
1999,10,6,4,13143
1999,6,2,4,10528
1999,5,20,1,9759
1999,1,20,6,11696
1999,8,6,3,11126
1999,1,25,5,9599
1999,2,5,6,10313
1999,12,28,1,14169
1999,9,30,7,9028
1999,10,8,1,9858
1999,12,14,2,8785
1999,10,7,7,11738
1999,6,7,4,10166
1999,8,27,1,7729
1999,1,29,7,9316
1999,12,20,4,11825
1999,7,2,2,10197
1999,10,19,4,8303
1999,7,24,1,13718
1999,6,26,3,13577
1999,8,3,3,10813
1999,3,13,4,11570
1999,12,9,6,13323
1999,8,8,6,11560
1999,4,4,7,10136
1999,6,21,6,11656
1999,6,9,7,11434
1999,2,2,4,11041
1999,12,2,7,8656
1999,10,20,2,14540
1999,9,20,4,10971
1999,12,24,3,8203
1999,11,5,3,11907
1999,9,29,5,11072
1999,10,6,5,12359
1999,5,24,4,10479
1999,1,30,5,11484
1999,8,10,2,9324
1999,5,12,1,11759
1999,7,31,7,10508
1999,10,16,7,11386
1999,8,18,3,8734
1999,5,3,4,14540
1999,2,14,5,9086
1999,9,6,2,10063
1999,12,17,2,10007
1999,4,16,4,8873
1999,12,14,6,12108
1999,5,18,7,11232
1999,12,27,1,10648
1999,3,14,6,8704
1999,5,24,3,12463
1999,2,25,5,9830
1999,5,6,3,7803
1999,6,2,2,12250
1999,1,18,6,10742
1999,6,22,3,8935
1999,11,21,5,10213
1999,4,27,1,9008
1999,11,30,6,11965
1999,7,29,4,11010
1999,2,28,2,10939
1999,7,5,3,12519
1999,7,10,5,12121
1999,9,7,2,10061
1999,7,18,4,9928
1999,4,29,4,8237
1999,2,17,2,8917
1999,3,14,5,9197
1999,7,9,7,9138
1999,11,6,7,9291
1999,10,15,6,9988
1999,6,14,4,12866
1999,9,19,2,11135
1999,3,3,6,12460
1999,9,15,7,12049
1999,4,13,3,9337
1999,2,31,5,6521
1999,10,15,1,12126
1999,9,30,4,11569
1999,1,20,4,11428
1999,8,21,5,8950
1999,4,15,5,11991
1999,10,7,7,10267
1999,5,15,1,11720
1999,5,26,2,10385
1999,11,23,3,8816
1999,7,3,1,7877
1999,8,8,4,11748
1999,8,31,4,11704
1999,2,17,6,9589
1999,3,10,2,12196
1999,11,27,6,9464
1999,10,15,3,13256
1999,12,29,1,13490
1999,1,23,5,12907
2000,3,3,6,9580
2000,7,3,1,9731
2000,3,2,7,11048
2000,9,7,2,11156
2000,11,22,3,10240
2000,3,16,1,11159
2000,1,9,3,11170
2000,8,28,5,10261
2000,6,4,7,12762
2000,4,27,7,10539
2000,5,15,2,13521
2000,5,11,1,12620
2000,4,2,4,9656
2000,10,15,5,13521
2000,12,17,7,11386
2000,4,2,3,12112
2000,8,3,1,9349
2000,9,1,2,10193
2000,5,12,3,10154
2000,3,11,4,11443
2000,10,8,7,14498
2000,3,4,3,10519
2000,5,3,4,9349
2000,9,11,1,12357
2000,11,22,4,7651
2000,6,3,5,10340
2000,7,30,1,10485
2000,6,9,5,14132
2000,11,28,5,9224
2000,10,20,5,12324
2000,2,10,7,11169
2000,1,26,6,10857
2000,1,28,2,12266
2000,10,31,7,10121
2000,8,14,6,12526
2000,5,14,4,9966
2000,1,28,2,9609
2000,10,23,7,11738
2000,2,4,1,9759
2000,9,5,3,12605
2000,10,17,1,10386
2000,8,25,6,12531
2000,3,3,4,11043
2000,2,29,3,8897
2000,8,14,3,13595
2000,2,1,1,10638
2000,5,17,4,13762
2000,1,15,4,10093
2000,9,27,7,8245
2000,12,10,1,6443
2000,4,24,2,11687
2000,1,1,4,12984
2000,5,3,5,7481
2000,8,15,1,10276
2000,8,25,1,9713
2000,3,28,5,9385
2000,12,24,4,10369
2000,10,19,6,12143
2000,8,14,2,11297
2000,4,4,7,10860
2000,5,19,7,10017
2000,5,9,4,12632
2000,11,27,1,11254
2000,3,25,3,12066
2000,7,24,7,11824
2000,4,3,4,10844
2000,1,5,2,8411
2000,3,20,2,13546
2000,9,4,5,11127
2000,1,10,7,10504
2000,8,10,1,13883
2000,3,26,4,12561
2000,2,16,5,12883
2000,8,2,6,9008
2000,12,19,4,10838
2000,6,11,4,11044
2000,3,25,5,7516
2000,9,19,6,11513
2000,1,22,6,9638
2000,4,15,5,11362
2000,10,28,1,12928
2000,5,5,2,8740
2000,8,27,2,10171
2000,7,17,7,12818
2000,10,19,6,10246
2000,11,6,7,9536
2000,8,4,3,11770
2000,8,6,5,9796
2000,6,18,3,9456
2000,8,4,4,10116
2000,5,1,6,11284
2000,8,7,7,10974
2000,12,4,6,11893
2000,9,5,1,13124
2000,12,2,7,13426
2000,4,3,6,11252
2000,7,25,4,12234
2000,2,8,2,8599
2000,12,18,4,9809
2000,5,27,5,10039
2000,4,28,5,7336
2000,8,12,4,8510
2000,6,5,7,9345
2000,1,24,7,12034
2000,9,11,7,9775
2000,6,27,4,11523
2000,10,26,3,12227
2000,1,30,5,12515
2000,3,7,7,10679
2000,11,15,3,11322
2000,7,29,6,14059
2000,1,30,6,9758
2000,9,27,2,10324
2000,3,31,7,13369
2000,5,11,7,10244
2000,12,6,3,12198
2000,8,5,4,9594
2000,4,11,4,12548
2000,5,7,1,11736
2000,4,8,6,10361
2000,2,11,7,11076
2000,6,14,7,14225
2000,4,21,2,10682
2000,3,4,5,11983
2000,8,22,7,10990
2000,9,9,3,10606
2000,4,19,6,11880
2000,11,18,7,13210
2000,10,28,1,13640
2000,1,4,7,10041
2000,1,22,6,7462
2000,12,31,1,9960
2000,6,2,7,8547
2000,1,28,6,10507
2000,2,22,7,13293
2000,10,25,6,12183
2000,11,17,4,10886
2000,2,23,4,8371
2000,4,9,5,11350
2000,9,9,1,13182
2000,11,1,2,14121
2000,3,26,4,10477
2000,3,30,4,6443
2000,2,21,3,11032
2000,6,26,4,11796
2000,12,27,6,10498
2000,1,15,2,7594
2000,12,15,2,11429
2000,4,21,2,9159
2000,7,4,3,8512
2000,7,29,7,9647
2000,3,20,4,9428
2000,9,23,6,9836
2000,6,2,4,12506
2000,6,14,7,9674
2000,10,25,7,10635
2000,12,28,2,10640
2000,2,22,1,9347
2000,6,5,5,11675
2000,5,30,5,9097
2000,6,2,1,8629
2000,5,20,6,7903
2000,1,15,4,13945
2000,2,7,6,12790
2000,4,8,1,7164
2000,3,12,4,12939
2000,7,16,3,10906
2000,3,12,4,9479
2000,8,5,6,6443
2000,3,29,7,11297
2000,5,21,2,10275
2000,12,25,2,8421
2000,4,24,7,11508
2000,9,18,3,9492
2000,11,29,1,11605
2000,4,26,1,10237
2000,1,30,2,10582
2000,5,23,1,8606
2000,10,6,4,9805
2000,5,28,6,8871
2000,12,4,7,9339
2000,5,25,7,10449
2000,7,15,3,10248
2000,11,15,5,10086
2000,10,16,4,10175
2000,8,5,4,10217
2000,1,4,4,11290
2000,10,6,7,11958
2000,9,18,1,10691
2000,7,21,3,13943
2000,9,31,4,11989
2000,9,16,7,12209
2000,11,8,3,12244
2000,10,29,5,10563
2000,5,20,5,13888
2000,4,9,7,10650
2000,1,5,2,11504
2000,8,8,7,11591
2000,10,7,4,12455
2000,1,9,1,9566
2000,10,18,2,10160
2000,4,10,7,13643
2000,1,26,1,12669
2000,1,22,2,9192
2000,10,3,1,11805
2000,7,11,2,11814
2000,4,26,3,7875
2000,12,18,3,13521
2000,7,15,3,9258
2000,6,8,4,10719
2000,4,23,3,11639
2000,1,10,7,14540
2000,2,25,5,12371
2000,4,30,1,14540
2000,11,26,2,10036
2000,8,9,1,12216
2000,8,3,7,12471
2000,1,13,2,10616
2000,12,31,2,11154
2000,10,15,6,10797
2000,5,10,7,10516
2000,2,27,1,9426
2000,3,22,5,8755
2000,4,24,2,10980
2000,10,10,2,10359
2000,2,12,6,10802
2000,12,6,7,9520
2000,9,29,1,11336
2000,5,25,7,10344
2000,12,14,5,9091
2000,3,7,1,9112
2000,10,15,1,13397
2000,10,8,1,14293
2000,6,10,2,14367
2000,11,11,7,9010
2000,1,14,1,12010
2000,2,10,6,10905
2000,2,30,7,10729
2000,12,6,7,10551
2000,9,26,4,10594
2000,3,6,2,9619
2000,12,25,4,14540
2000,5,24,7,14388
2000,11,13,1,10216
2000,8,23,4,10777
2000,7,30,2,11683
2000,7,26,1,10636
2000,12,12,3,10773
2000,11,21,7,12910
2000,12,19,4,12323
2000,3,18,2,7758
2000,7,7,4,10850
2000,11,22,4,8145
2000,1,19,3,10633
2000,10,13,6,9731
2000,12,20,3,11506
2000,10,12,3,11534
2000,4,17,5,7444
2000,3,18,7,10572
2000,9,27,1,9040
2000,5,18,2,10766
2000,6,29,6,13537
2000,11,24,5,7225
2000,9,26,7,8249
2000,8,4,2,9132
2000,7,17,7,12925
2000,8,3,3,11129
2000,5,13,6,10782
2000,10,12,3,12703
2000,9,14,7,11590
2000,2,20,4,12218
2000,9,20,5,10887
2000,12,15,2,11502
2000,4,20,1,13659
2000,3,6,7,9864
2000,3,25,3,11526
2000,1,6,3,7136
2000,7,2,5,9564
2000,2,2,3,12484
2000,8,27,6,9169
2000,7,8,7,8305
2000,10,9,1,12673
2000,11,16,6,10440
2000,12,22,3,9034
2000,1,5,5,10216
2000,7,10,1,10603
2000,11,26,1,7990
2000,7,25,3,10863
2000,3,10,5,13529
2000,7,24,6,11769
2000,3,23,4,13757
2000,10,14,3,9081
2000,1,12,3,9781
2000,7,17,5,11197
2000,9,21,6,13224
2000,2,22,1,8879
2000,11,11,2,7976
2000,12,4,3,9642
2000,5,30,3,7478
2000,4,31,7,10216
2000,1,27,6,11495
2000,5,5,6,7813
2000,2,14,3,13444
2000,8,28,6,10758
2000,6,20,2,12574
2000,9,6,5,12631
2000,12,7,2,13219
2000,8,29,5,8854
2000,5,7,5,11500
2000,1,24,1,12130
2000,6,21,5,10643
2000,11,30,7,10884
2000,12,8,6,14540
2000,9,3,5,10205
2000,5,15,4,9871
2000,1,2,6,9660
2000,7,30,3,10484
2000,8,5,4,9452
2000,3,11,3,9385
2000,7,29,4,12394
2000,10,13,6,9969
2000,2,2,6,11133
2000,5,14,5,10805
2000,5,8,1,9414
2000,3,16,1,8042
2000,1,22,4,11883
2000,10,30,7,10380
2000,2,17,5,8213
2000,10,3,3,12019
2000,1,22,3,7568
2000,5,2,6,12409
2000,7,13,6,9132
2000,8,30,5,14253
2000,2,23,6,10268
2000,5,11,3,12035
2000,6,2,7,9478
2000,11,7,4,9186
2000,2,21,7,11628
2000,11,5,7,14068
2000,8,8,1,12425
2000,5,23,7,14540
2000,8,22,5,10615
2000,9,22,5,10821
2000,10,20,4,12894
2000,9,29,3,14540
2000,12,30,6,11225
2000,7,30,3,9432
2000,2,8,7,7230
2000,1,1,5,12606
2000,5,15,1,11116
2000,4,2,4,11213
2000,11,15,7,10250
2000,1,11,7,12688
2000,10,27,5,12340
2000,4,22,5,11354
2000,9,8,4,9257
2000,9,17,6,11665
2000,12,9,4,9646
2000,12,3,5,10819
2000,6,17,6,9409
2000,7,20,5,13311
2000,10,10,7,10425
2000,3,20,1,12218
2000,1,6,4,10917
2000,10,1,4,11803
2000,3,29,3,10133
2000,12,30,5,12913
2000,4,21,4,11013
2000,12,3,4,8922
2000,7,9,7,13067
2000,6,6,3,11454
2000,2,29,5,10749
2001,6,1,4,10680
2001,3,23,4,8893
2001,10,27,2,8813
2001,11,10,6,9317
2001,11,28,4,10094
2001,8,23,7,10521
2001,6,23,2,10402
2001,3,27,4,10585
2001,9,21,4,13036
2001,5,4,2,13994
2001,8,14,3,10767
2001,7,17,6,14540
2001,7,13,7,10404
2001,7,28,3,7654
2001,4,15,6,10807
2001,1,22,2,13275
2001,10,25,2,12236
2001,5,30,1,10306
2001,4,11,7,11894
2001,11,12,6,10798
2001,1,1,6,9198
2001,12,7,2,10000
2001,12,15,5,10752
2001,9,7,7,10012
2001,4,10,5,10035
2001,8,2,7,11251
2001,1,12,5,13419
2001,10,10,5,13748
2001,10,12,2,11110
2001,11,4,2,12093
2001,10,8,1,12264
2001,2,3,3,11157
2001,5,23,1,11705
2001,5,17,1,8638
2001,11,10,2,9999
2001,3,31,7,13947
2001,10,21,3,10670
2001,2,30,7,13159
2001,1,3,6,7772
2001,3,14,1,14540
2001,6,25,3,10964
2001,7,6,5,10706
2001,2,29,4,11774
2001,8,29,1,8605
2001,3,19,1,11510
2001,3,19,4,14492
2001,3,9,4,10178
2001,5,23,2,10819
2001,8,28,3,10599
2001,12,4,1,11375
2001,8,10,7,9437
2001,10,16,5,8705
2001,1,26,2,11060
2001,7,3,1,11372
2001,2,1,6,10021
2001,11,8,4,11647
2001,11,10,2,6443
2001,8,18,4,9727
2001,8,13,6,14540
2001,5,16,4,13383
2001,8,11,5,13392
2001,5,26,5,11126
2001,1,31,2,11304
2001,1,26,5,10074
2001,4,30,4,11505
2001,8,23,4,9111
2001,7,18,3,12249
2001,1,27,6,9760
2001,5,5,5,8828
2001,10,26,1,9017
2001,2,14,6,7356
2001,2,15,6,14402
2001,7,6,2,11861
2001,1,20,3,13096
2001,4,24,6,8192
2001,9,15,3,12703
2001,6,17,2,12749
2001,1,16,5,7671
2001,5,17,1,13616
2001,12,18,5,12426
2001,5,6,7,11855
2001,7,4,4,6931
2001,6,27,4,7572
2001,6,14,1,8708
2001,2,9,7,11614
2001,6,20,4,13844
2001,3,30,4,10698
2001,8,23,3,10365
2001,8,13,1,8312
2001,3,8,6,12405
2001,2,18,7,14132
2001,7,27,2,8361
2001,2,31,3,10360
2001,2,24,7,10213
2001,10,4,5,14147
2001,7,15,1,13840
2001,3,14,3,8944
2001,3,20,5,10282
2001,2,15,2,10485
2001,12,22,1,13987
2001,1,21,7,12561
2001,7,13,3,8717
2001,1,24,6,10846
2001,2,2,5,9520
2001,6,30,7,9942
2001,2,26,7,7987
2001,8,4,7,8005
2001,4,24,1,9431
2001,12,22,2,10231
2001,1,2,6,7050
2001,9,7,6,10560
2001,5,12,4,10861
2001,10,7,3,10989
2001,6,17,1,8642
2001,6,19,1,11121
2001,11,15,4,13462
2001,1,4,1,10761
2001,3,28,5,11720
2001,9,11,2,14540
2001,2,30,5,8503
2001,3,12,2,10679
2001,5,23,1,10823
2001,6,20,6,9404
2001,9,26,2,14540
2001,8,27,7,9191
2001,7,26,7,11162
2001,4,20,7,12107
2001,4,19,2,11318
2001,6,16,2,9104
2001,7,25,5,10993
2001,11,27,1,10771
2001,10,28,4,7645
2001,1,8,4,14379
2001,7,20,6,10631
2001,11,26,6,8945
2001,3,17,4,10439
2001,5,12,4,11748
2001,7,29,2,11205
2001,4,26,1,10499
2001,12,17,3,9070
2001,2,28,1,10520
2001,4,4,2,9846
2001,10,21,6,9334
2001,6,22,7,13395
2001,2,14,7,8790
2001,9,12,2,11496
2001,9,4,5,10228
2001,6,12,3,9870
2001,7,29,1,11966
2001,3,9,2,11481
2001,8,31,3,8773
2001,8,7,5,12974
2001,10,23,7,14540
2001,8,11,5,11492
2001,2,29,7,10353
2001,2,21,1,10618
2001,8,31,6,14498
2001,12,25,4,11911
2001,12,6,1,11338
2001,10,27,4,11950
2001,12,9,3,8044
2001,2,2,4,9101
2001,7,3,6,8161
2001,11,23,6,8317
2001,5,30,7,11902
2001,10,12,6,9911
2001,4,2,2,12268
2001,6,14,4,11490
2001,4,5,7,9063
2001,11,6,3,10950
2001,3,30,2,11095
2001,2,29,1,14540
2001,8,14,2,10212
2001,5,9,6,11945
2001,4,31,3,8037
2001,7,3,2,10957
2001,5,21,1,10085
2001,8,12,3,14195
2001,2,19,4,10022
2001,5,24,4,13477
2001,5,7,4,14515
2001,4,8,6,11082
2001,5,2,6,11356
2001,7,4,1,11696
2001,3,27,3,11497
2001,7,16,6,11863
2001,2,2,4,12994
2001,3,4,7,8989
2001,2,29,4,11669
2001,5,14,3,9020
2001,4,5,6,14540
2001,1,10,3,8312
2001,2,8,7,9882
2001,7,22,4,11784
2001,1,28,5,10412
2001,3,29,2,10248
2001,6,5,3,12036
2001,3,27,1,8295
2001,2,16,2,10616
2001,3,10,6,11291
2001,6,23,7,12883
2001,9,17,2,10204
2001,7,27,6,12412
2001,5,16,1,8420
2001,12,31,7,8562
2001,2,12,2,11903
2001,9,6,3,8580
2001,2,16,4,13348
2001,11,12,3,13923
2001,8,29,6,8116
2001,8,20,1,12447
2001,3,26,1,7985
2001,3,1,1,12600
2001,3,23,2,13283
2001,6,19,1,8235
2001,11,10,4,12022
2001,4,23,1,13377
2001,12,9,1,11511
2001,8,14,7,9183
2001,12,24,3,9286
2001,6,1,1,8431
2001,7,9,7,8583
2001,12,14,5,11180
2001,12,17,5,9850
2001,6,10,5,13842
2001,11,25,2,9826
2001,6,19,7,12908
2001,8,5,1,9332
2001,7,15,4,11062
2001,7,25,7,11148
2001,7,24,3,10951
2001,2,14,4,11313
2001,1,20,1,10673
2001,6,9,5,12163
2001,2,20,2,11231
2001,4,23,5,10557
2001,7,4,7,11348
2001,5,16,3,7493
2001,4,6,5,12736
2001,5,9,5,13198
2001,9,2,7,9780
2001,11,17,6,7974
2001,7,26,6,11697
2001,9,6,1,12525
2001,12,4,2,8380
2001,1,12,2,12035
2001,5,16,4,12055
2001,5,22,3,6673
2001,8,19,7,7994
2001,12,2,2,9963
2001,5,9,2,12969
2001,8,6,2,12849
2001,3,20,1,14540
2001,5,15,7,13511
2001,7,13,5,11191
2001,6,13,4,10224
2001,1,29,4,10977
2001,10,20,4,11157
2001,7,11,1,9706
2001,12,15,1,9163
2001,11,11,3,8320
2001,1,4,3,11507
2001,12,19,6,12579
2001,10,2,2,12945
2001,1,24,3,8441
2001,4,11,1,7226
2001,10,9,5,11330
2001,8,6,2,9168
2001,4,11,7,9279
2001,2,1,5,11085
2001,10,25,5,10262
2001,7,27,3,12419
2001,7,17,6,11628
2001,10,21,7,12789
2001,8,15,5,11607
2001,10,13,2,10871
2001,10,22,5,12930
2001,4,12,3,10247
2001,3,19,6,8742
2001,2,8,5,9651
2001,9,24,5,9817
2001,12,10,3,12361
2001,1,17,4,11392
2001,12,6,7,12069
2001,11,15,2,13041
2001,7,19,6,10330
2001,8,21,2,9123
2001,8,26,3,14062
2001,11,27,7,9662
2001,11,2,1,8668
2001,7,30,7,10846
2001,2,16,2,12605
2001,3,8,7,13311
2001,9,17,4,9696
2001,2,5,5,11982
2001,8,16,1,10968
2001,6,30,4,11419
2001,6,9,4,11079
2001,3,24,1,9884
2001,5,29,3,14540
2001,12,14,2,13589
2001,12,13,6,14540
2001,3,6,5,6611
2001,6,3,3,12479
2001,4,14,7,9043
2001,12,15,5,8587
2001,3,6,7,11457
2001,11,13,7,8962
2001,12,21,1,12433
2001,9,28,2,13328
2001,11,9,3,11130
2001,6,21,4,14033
2001,11,15,5,12182
2001,6,19,6,13543
2001,6,21,7,8888
2001,1,15,5,6443
2001,4,19,2,11205
2001,5,15,4,6733
2001,1,3,5,8891
2001,5,7,2,10846
2001,12,26,5,11715
2001,12,14,2,10316
2001,10,30,3,9677
2001,4,11,2,11263
2001,9,12,6,10746
2001,7,19,4,13032
2001,7,27,1,11009
2001,12,3,7,8846
2001,6,21,7,8170
2001,1,18,3,10084
2001,3,25,5,13606
2001,6,2,3,7846
2001,11,21,6,11093
2001,1,27,1,8995
2001,1,4,7,6621
2001,3,25,2,12926
2001,5,9,3,11284
2001,8,9,2,11568
2001,5,20,2,12162
2001,1,23,7,12498
2001,5,10,5,14156
2001,6,9,5,12686
2001,4,21,4,13142
2001,12,13,5,10268
2001,4,3,5,12105
2001,6,7,7,11582
2001,11,15,2,11671
2001,10,9,2,9483
2001,10,28,3,11149
2001,2,17,5,10364
2001,2,11,4,7533
2001,6,23,3,11112
2001,10,22,1,11088
2001,12,18,5,12043
2001,12,14,3,10558
2001,5,24,6,10473
2001,1,26,7,10173
2001,2,26,1,14540
2001,8,23,1,8718
2001,6,19,3,9025
2001,7,21,4,11811
2001,1,22,6,12685
2001,12,31,6,10699
2001,2,24,5,9648
2001,11,11,5,12131
2001,2,10,3,12669
2001,6,21,3,12986
2001,2,28,1,8289
2001,7,7,6,7942
2001,7,17,5,8903
2001,2,5,1,9731
2001,2,21,5,9062
2001,1,9,7,10055
2001,3,27,3,8568
2001,9,27,2,9745
2001,6,15,4,13201
2001,10,19,3,10472
2001,1,12,1,13353
2001,5,7,2,12300
2001,1,25,5,11819
2001,9,13,3,11417
2001,3,3,4,9883
2001,5,6,5,10082
2001,4,22,4,11077
2002,7,24,3,9352
2002,3,30,7,11599
2002,5,24,3,12596
2002,1,22,5,12021
2002,9,27,1,9433
2002,9,9,3,13997
2002,7,7,5,12194
2002,4,16,5,9801
2002,10,11,5,10027
2002,9,29,3,10622
2002,8,28,7,13166
2002,8,22,3,9629
2002,11,25,5,8145
2002,11,2,3,9182
2002,10,25,4,12125
2002,9,6,5,11530
2002,10,5,5,11737
2002,12,17,7,11010
2002,10,22,2,9207
2002,12,4,2,11077
2002,6,2,1,10735
2002,6,14,5,13398
2002,3,6,3,9412
2002,7,6,4,10911
2002,2,3,5,8072
2002,9,10,5,8846
2002,11,19,7,8535
2002,12,25,4,8093
2002,5,9,7,9940
2002,10,17,3,9398
2002,9,19,3,9898
2002,6,6,7,6443
2002,7,25,6,11936
2002,10,2,2,8697
2002,10,14,6,10042
2002,8,18,5,7273
2002,9,10,5,10078
2002,5,15,7,12641
2002,10,26,2,12619
2002,8,21,7,8898
2002,12,19,6,9319
2002,11,20,3,12398
2002,7,21,7,12626
2002,12,11,6,10567
2002,2,23,2,10620
2002,1,29,1,8337
2002,10,29,3,11227
2002,1,5,3,14540
2002,5,9,1,13449
2002,4,30,5,10666
2002,4,5,6,13958
2002,1,10,6,8147
2002,6,12,4,10019
2002,9,9,6,10687
2002,12,31,1,10981
2002,2,2,3,11177
2002,12,25,4,11672
2002,12,15,5,10108
2002,3,28,5,7266
2002,4,20,7,13726
2002,11,18,1,9601
2002,9,25,2,8931
2002,5,8,1,9217
2002,9,10,1,14210
2002,7,6,6,11693
2002,7,15,3,11214
2002,10,16,7,9714
2002,10,11,7,12214
2002,4,16,1,12676
2002,7,12,7,8187
2002,3,12,6,10282
2002,11,5,6,12077
2002,3,15,6,10833
2002,10,22,4,12451
2002,1,30,5,11043
2002,11,4,7,12667
2002,1,22,6,8740
2002,11,18,4,10926
2002,12,16,5,12064
2002,11,22,5,10767
2002,6,29,1,9592
2002,9,2,7,10831
2002,11,16,2,10568
2002,7,20,3,9515
2002,12,14,4,10439
2002,9,18,5,10635
2002,10,29,7,14477
2002,8,3,2,11280
2002,5,9,5,10758
2002,7,13,1,12477
2002,11,7,6,9096
2002,12,28,2,10242
2002,7,9,2,12080
2002,10,11,3,8654
2002,8,13,7,10537
2002,11,9,4,11750
2002,12,30,2,13062
2002,11,8,1,8992
2002,2,8,3,11025
2002,9,23,5,11964
2002,8,15,3,9290
2002,3,21,7,12385
2002,8,15,2,12153
2002,6,14,7,12849
2002,5,9,6,10407
2002,12,14,7,9694
2002,3,12,6,8989
2002,3,29,3,11297
2002,8,30,6,10026
2002,7,15,3,7237
2002,7,15,7,10729
2002,8,12,6,11839
2002,11,4,6,10378
2002,12,16,3,9892
2002,12,3,4,8625
2002,3,5,6,14166
2002,6,12,5,10309
2002,7,10,3,10187
2002,9,9,4,10350
2002,12,16,4,10721
2002,3,25,1,14540
2002,5,20,4,11767
2002,2,15,3,7927
2002,11,17,7,9552
2002,4,4,7,10036
2002,4,18,5,9239
2002,12,14,5,13166
2002,8,12,5,11449
2002,10,10,1,12441
2002,9,8,6,10074
2002,11,8,5,11229
2002,3,30,3,11414
2002,11,4,2,10212
2002,9,3,1,11933
2002,9,24,6,9641
2002,9,29,2,11564
2002,10,25,7,8221
2002,8,26,5,12252
2002,1,5,6,10544
2002,4,29,5,6741
2002,5,11,5,6443
2002,9,26,2,9941
2002,1,4,7,13034
2002,9,10,5,10138
2002,1,29,2,8636
2002,9,9,1,10857
2002,9,11,4,11406
2002,11,5,2,11698
2002,3,2,2,10181
2002,6,15,6,13645
2002,1,27,7,10207
2002,8,25,6,9245
2002,6,22,5,9128
2002,5,12,4,9645
2002,9,11,4,12491
2002,8,13,4,11508
2002,9,23,7,6443
2002,12,5,2,12130
2002,8,20,4,8248
2002,10,17,3,10552
2002,9,2,6,11024
2002,10,4,5,8657
2002,6,27,4,8997
2002,11,18,3,13294
2002,3,23,1,10170
2002,5,2,6,10414
2002,1,18,4,12435
2002,3,6,7,12417
2002,4,20,2,12134
2002,4,2,3,11590
2002,12,24,6,8194
2002,3,10,1,13039
2002,6,8,7,13534
2002,10,10,7,8797
2002,2,22,5,10346
2002,9,4,2,12375
2002,11,7,3,9944
2002,3,3,6,9282
2002,12,23,2,10691
2002,12,25,3,6443
2002,8,4,6,9877
2002,6,13,2,9941
2002,12,4,1,11226
2002,1,12,6,9194
2002,1,15,1,13380
2002,7,25,1,11356
2002,7,24,2,11790
2002,4,7,2,8453
2002,2,24,5,14540
2002,9,25,2,13383
2002,9,11,2,7931
2002,3,25,4,11643
2002,2,30,5,9555
2002,6,29,1,12127
2002,9,19,1,12579
2002,7,5,7,11090
2002,3,7,5,9798
2002,1,19,3,10253
2002,4,11,5,9555
2002,3,22,6,11469
2002,3,14,7,9707
2002,3,22,5,10126
2002,9,24,5,9932
2002,8,9,5,10629
2002,1,18,2,14540
2002,10,27,7,12789
2002,11,9,7,9190
2002,4,6,6,9794
2002,11,21,4,13113
2002,6,5,2,13719
2002,6,23,2,9415
2002,8,27,7,11058
2002,7,12,5,9266
2002,4,24,6,11922
2002,3,7,5,11371
2002,1,14,1,14540
2002,10,2,1,10498
2002,4,12,1,7771
2002,2,15,2,8773
2002,9,27,4,10582
2002,12,15,7,10730
2002,6,2,6,9932
2002,3,28,5,10708
2002,2,16,1,13505
2002,1,27,2,13460
2002,9,25,5,14540
2002,8,29,7,11651
2002,10,25,6,12695
2002,2,22,5,10116
2002,12,28,1,13661
2002,6,4,4,10851
2002,6,6,7,11075
2002,7,24,5,12975
2002,10,23,5,11269
2002,9,18,1,10967
2002,5,27,6,13633
2002,6,5,4,9694
2002,11,26,5,11634
2002,6,28,2,12145
2002,5,28,4,11642
2002,1,6,1,13201
2002,1,6,3,8752
2002,11,6,1,12219
2002,6,13,3,10436
2002,7,25,4,8028
2002,11,23,7,8726
2002,5,27,7,9727
2002,8,21,4,11141
2002,7,9,6,11098
2002,3,27,6,10427
2002,1,23,7,7961
2002,5,9,1,12828
2002,11,10,3,11436
2002,11,12,1,10815
2002,3,10,3,11906
2002,6,23,1,10751
2002,3,9,2,13673
2002,9,2,6,11486
2002,6,20,3,11814
2002,3,2,2,11083
2002,11,21,6,11041
2002,8,12,4,13178
2002,7,9,2,9522
2002,11,2,4,12251
2002,4,16,4,10211
2002,7,17,2,9674
2002,11,29,5,10767
2002,9,23,5,12520
2002,5,8,7,9579
2002,1,24,6,11427
2002,6,14,3,11312
2002,9,19,3,9682
2002,6,12,5,10163
2002,7,29,5,13813
2002,11,10,5,10695
2002,3,20,1,12200
2002,9,30,5,8713
2002,6,7,5,12607
2002,10,15,6,13396
2002,3,29,1,11256
2002,11,28,4,14540
2002,4,13,7,10983
2002,4,20,5,12689
2002,8,10,1,11658
2002,5,3,5,6920
2002,5,19,1,11266
2002,3,22,2,14297
2002,6,13,6,12687
2002,2,23,5,10017
2002,9,7,5,9879
2002,11,4,1,12672
2002,1,16,7,12903
2002,2,7,7,9412
2002,6,20,7,10181
2002,11,15,2,7368
2002,1,28,4,12728
2002,9,18,5,12247
2002,9,8,6,12571
2002,2,2,2,13283
2002,2,10,4,9325
2002,10,15,7,10557
2002,8,25,1,12877
2002,12,14,1,11721
2002,7,26,3,11362
2002,5,20,3,9929
2002,2,3,5,12607
2002,7,13,5,12677
2002,6,19,2,10711
2002,4,19,6,11317
2002,9,26,4,6694
2002,8,4,7,8495
2002,10,17,7,9625
2002,5,13,7,10335
2002,9,4,3,8026
2002,8,16,3,8938
2002,8,26,4,14159
2002,10,24,3,9634
2002,3,31,3,9453
2002,10,30,1,9948
2002,2,19,4,9589
2002,5,21,4,13017
2002,10,5,6,10759
2002,7,1,3,9069
2002,5,20,5,10455
2002,5,18,3,11719
2002,3,28,7,9050
2002,8,19,5,13534
2002,10,18,2,10680
2002,4,3,6,9627
2002,12,8,4,7604
2002,2,11,7,12496
2002,12,11,3,10554
2002,1,21,1,11008
2002,5,4,6,10538
2002,11,5,2,13820
2002,11,24,4,11815
2002,9,29,6,10247
2002,7,23,3,11104
2002,8,25,1,8506
2003,1,7,3,11654
2003,2,31,7,7247
2003,10,13,7,12365
2003,4,30,6,9635
2003,2,6,5,11700
2003,2,2,7,8279
2003,3,31,4,10719
2003,9,17,3,11757
2003,2,18,5,11780
2003,5,6,7,10057
2003,4,7,6,9269
2003,9,26,1,10123
2003,11,3,7,10378
2003,3,1,7,11776
2003,11,9,2,10725
2003,10,13,3,9590
2003,4,25,3,9697
2003,8,12,5,11618
2003,8,4,2,10559
2003,3,8,7,12612
2003,6,15,4,11754
2003,2,25,3,12612
2003,9,30,4,10324
2003,8,3,5,10209
2003,7,3,4,9748
2003,9,11,3,8377
2003,10,4,7,12101
2003,4,15,7,6617
2003,10,5,3,8510
2003,6,27,6,13431
2003,12,26,5,12326
2003,12,17,5,7745
2003,10,6,5,11217
2003,6,29,5,6470
2003,9,11,2,8125
2003,12,24,1,11626
2003,5,3,1,10530
2003,2,13,7,12113
2003,2,12,3,12459
2003,11,26,2,10051
2003,5,27,2,11801
2003,3,16,1,9091
2003,3,16,4,9676
2003,11,29,1,12624
2003,1,22,2,13398
2003,8,28,4,9406
2003,5,17,5,11708
2003,11,11,4,8802
2003,5,10,1,10635
2003,9,11,4,8040
2003,12,30,7,9166
2003,7,17,7,8936
2003,5,13,4,6593
2003,9,23,3,9924
2003,7,15,5,9836
2003,4,24,5,12264
2003,9,26,7,14141
2003,12,28,7,10101
2003,10,14,1,9743
2003,12,21,6,10436
2003,10,6,5,10664
2003,5,28,2,12244
2003,5,5,6,9400
2003,12,24,3,10229
2003,8,30,1,10353
2003,11,19,1,12169
2003,10,16,1,13626
2003,12,29,1,14540
2003,6,6,1,12198
2003,1,30,2,9996
2003,10,13,4,13575
2003,9,25,1,9959
2003,3,25,5,13141
2003,4,6,6,9884
2003,1,7,5,10730
2003,5,22,5,7238
2003,2,12,7,11886
2003,9,27,1,11779
2003,8,18,3,11939
2003,6,31,7,10206
2003,5,28,4,10688
2003,2,12,4,9952
2003,8,13,6,8013
2003,9,21,2,10353
2003,7,10,6,13645
2003,12,10,6,11511
2003,1,17,5,9200
2003,1,10,7,13259
2003,5,10,6,10127
2003,12,18,5,9514
2003,4,13,7,6443
2003,6,17,2,11384
2003,1,6,1,14538
2003,5,9,5,12532
2003,9,7,6,9738
2003,3,19,2,12058
2003,9,3,1,12607
2003,3,18,5,7115
2003,12,20,3,11826
2003,11,22,7,11114
2003,3,18,4,14388
2003,7,10,7,14144
2003,11,12,1,12403
2003,12,2,3,10531
2003,9,6,3,9350
2003,3,6,3,13196
2003,1,25,6,10431
2003,10,2,5,11157
2003,4,13,3,14167
2003,7,21,4,12875
2003,7,15,5,9997
2003,2,30,2,9171
2003,5,26,3,11066
2003,3,20,1,10954
2003,8,9,6,7742
2003,9,26,4,10915
2003,5,14,6,9346
2003,12,20,5,13092
2003,1,19,3,12084
2003,7,22,7,9788
2003,5,23,4,8978
2003,6,27,4,9390
2003,12,28,1,9740
2003,8,20,6,12988
2003,9,31,5,10086
2003,3,29,2,12801
2003,8,9,4,11687
2003,1,25,2,9275
2003,6,17,2,13144
2003,12,14,6,10983
2003,1,9,5,12182
2003,9,24,2,12184
2003,6,28,7,12514
2003,5,11,6,9755
2003,4,10,6,13215
2003,5,25,2,10483
2003,11,8,6,9976
2003,9,31,2,12630
2003,1,25,6,11868
2003,3,2,6,8034
2003,2,19,2,7466
2003,8,14,3,8726
2003,10,13,6,12288
2003,3,9,1,10357
2003,4,17,3,11652
2003,10,4,4,8482
2003,9,2,1,10981
2003,8,4,7,8770
2003,8,18,3,8969
2003,7,30,4,11343
2003,8,16,4,11003
2003,4,11,3,8261
2003,7,21,4,11003
2003,5,14,6,10167
2003,9,14,3,10011
2003,12,13,5,9601
2003,12,5,2,11180
2003,10,22,1,10935
2003,8,1,5,10998
2003,1,7,3,13396
2003,6,12,1,10139
2003,5,16,2,11372
2003,6,4,6,12437
2003,10,23,7,11441
2003,8,6,6,10704
2003,4,19,4,9043
2003,2,9,1,10368
2003,2,30,5,11416
2003,1,10,5,8227
2003,5,6,2,11998
2003,9,29,2,10444
2003,2,24,2,10637
2003,6,7,4,11907
2003,11,23,6,9958
2003,11,8,2,12601
2003,3,5,2,14059
2003,8,23,7,11926
2003,12,8,7,12495
2003,4,19,7,13193
2003,2,14,4,9541
2003,10,16,4,8128
2003,1,7,7,10050
2003,7,17,5,11470
2003,3,21,1,13576
2003,11,10,6,10414
2003,1,2,7,12750
2003,5,27,3,9695
2003,2,21,6,11015
2003,1,23,2,10487
2003,5,14,2,10906
2003,1,22,7,11948
2003,11,6,3,14540
2003,4,15,1,8795
2003,9,29,1,10069
2003,9,6,7,10701
2003,7,13,6,8113
2003,9,12,5,11794
2003,10,18,2,8526
2003,6,5,7,10642
2003,5,24,1,10157
2003,3,27,3,13382
2003,7,29,5,13140
2003,10,3,3,10841
2003,2,24,2,11812
2003,1,17,4,11664
2003,10,29,5,10066
2003,4,3,5,11533
2003,8,13,4,12036
2003,8,4,4,10975
2003,10,19,4,12651
2003,5,19,4,11239
2003,9,2,2,13343
2003,9,6,5,8668
2003,4,3,1,9979
2003,1,17,1,14194
2003,12,14,1,14540
2003,12,19,2,8058
2003,5,12,7,11878
2003,2,30,6,11419
2003,6,12,1,10296
2003,1,27,1,10928
2003,8,28,2,9639
2003,11,19,2,10957
2003,11,23,5,9891
2003,2,20,7,7271
2003,3,20,2,13568
2003,4,27,7,13145
2003,6,26,7,9661
2003,3,14,5,9758
2003,8,8,5,7963
2003,4,3,5,11224
2003,4,7,2,12981
2003,2,21,4,14540
2003,6,11,5,12403
2003,4,26,1,8769
2003,7,21,6,9772
2003,12,16,5,10152
2003,9,2,6,8672
2003,7,5,7,10871
2003,1,12,4,13303
2003,7,19,7,10607
2003,3,16,1,10150
2003,4,11,1,10604
2003,3,12,4,11925
2003,6,17,7,11036
2003,3,29,1,11040
2003,1,9,2,11589
2003,8,20,7,8333
2003,5,1,1,11398
2003,6,29,2,13108
2003,6,7,5,8317
2003,3,16,6,12296
2003,6,30,3,14195
2003,11,10,5,12816
2003,3,10,1,11090
2003,11,3,3,9165
2003,4,28,4,10946
2003,10,23,6,7890
2003,9,17,2,10476
2003,12,21,4,8632
2003,6,12,3,8475
2003,2,29,1,10489
2003,6,17,6,8841
2003,7,27,2,7862
2003,9,6,5,11255
2003,12,31,3,11288
2003,7,15,2,14123
2003,1,25,7,10113
2003,4,31,1,12511
2003,2,24,6,10588
2003,11,8,5,7877
2003,4,18,4,8517
2003,5,6,2,11199
2003,3,28,6,7500
2003,4,8,3,7804
2003,1,19,2,12434
2003,1,6,1,10287
2003,9,3,1,10623
2003,2,13,1,10321
2003,6,28,1,9629
2003,4,5,4,8438
2003,6,23,5,11027
2003,2,25,5,13115
2003,4,30,4,13837
2003,2,19,3,6443
2003,11,22,2,11574
2003,12,24,4,10307
2003,5,30,1,9950
2003,6,27,6,12597
2003,9,24,6,8779
2003,6,10,5,10304
2003,6,11,5,8384
2003,1,5,3,8802
2003,1,31,3,12674
2003,3,24,4,11090
2003,12,24,1,10044
2003,3,5,5,14456
2003,12,16,3,13041
2003,2,18,4,9760
2003,12,3,2,14540
2003,3,24,5,11314
2003,6,4,1,14540
2003,1,27,6,11702
2003,4,17,4,9317
2003,10,15,3,11262
2003,1,30,1,9700
2003,3,8,6,6443
2003,9,10,5,11407
2003,11,20,3,9513
2003,8,30,4,11964
2003,5,29,5,8501
2003,12,14,1,7757
2003,7,21,4,12575
2003,9,11,6,13154
2003,12,25,7,10755
2003,8,22,2,12937
2003,6,3,2,10494
2003,3,19,1,12233
2003,3,13,5,8580
2003,9,11,3,11847
2003,5,29,3,12456
2003,3,17,4,11443
2003,2,25,5,7837
2003,12,13,3,11924
2003,5,26,2,7622
2003,5,8,3,8300
2003,11,14,5,10537
2003,5,24,3,11070
2003,1,29,1,9420
2003,11,4,3,11605
2003,12,27,3,8599
2003,6,8,7,14467
2003,3,16,5,8022
2003,5,30,2,10024
2003,10,11,4,10630
2003,4,24,7,10388
2003,10,6,2,10635
2003,6,20,7,10436
2003,7,11,5,9444
