Alex Abrines	abrinal01
Precious Achiuwa	achiupr01
Quincy Acy	acyqu01
Jaylen Adams	adamsja01
Jordan Adams	adamsjo01
Steven Adams	adamsst01
Bam Adebayo	adebaba01
Deng Adel	adelde01
Jeff Adrien	adrieje01
Arron Afflalo	afflaar01
Alexis Ajinca	ajincal01
DeVaughn Akoon-Purcell	akoonde01
Santi Aldama	aldamsa01
Furkan Aldemir	aldemfu01
Cole Aldrich	aldrico01
LaMarcus Aldridge	aldrila01
Cliff Alexander	alexacl01
Kyle Alexander	alexaky01
Nickeil Alexander-Walker	alexani01
Ty-Shon Alexander	alexaty01
Rawle Alkins	alkinra01
Grayson Allen	allengr01
Jarrett Allen	allenja01
Kadeem Allen	allenka01
Lavoy Allen	allenla01
Ray Allen	allenra02
Tony Allen	allento01
Jose Alvarado	alvarjo01
Al-Farouq Aminu	aminual01
Lou Amundson	amundlo01
Alan Anderson	anderal01
Chris Andersen	anderch01
James Anderson	anderja01
Justin Anderson	anderju01
Kyle Anderson	anderky01
Ryan Anderson	anderry01
Ike Anigbogu	anigbik01
Giannis Antetokounmpo	antetgi01
Kostas Antetokounmpo	antetko01
Thanasis Antetokounmpo	antetth01
Carmelo Anthony	anthoca01
Cole Anthony	anthoco01
Joel Anthony	anthojo01
Pero Antic	anticpe01
OG Anunoby	anunoog01
Keith Appling	applike01
Ryan Arcidiacono	arcidry01
Trevor Ariza	arizatr01
Hilton Armstrong	armsthi01
Metta World Peace	artesro01
Darrell Arthur	arthuda01
Jamel Artis	artisja01
Omer Asik	asikom01
D.J. Augustin	augusdj01
Deni Avdija	avdijde01
Joel Ayayi	ayayijo01
Gustavo Ayon	ayongu01
Deandre Ayton	aytonde01
Udoka Azubuike	azubuud01
Chris Babb	babbch01
Luke Babbitt	babbilu01
Dwayne Bacon	bacondw01
Marvin Bagley III	baglema01
Cameron Bairstow	bairsca01
Ron Baker	bakerro01
Wade Baldwin IV	baldwwa01
LaMelo Ball	ballla01
Lonzo Ball	balllo01
Mo Bamba	bambamo01
Desmond Bane	banede01
Dalano Banton	bantoda01
Cat Barber	barbeca01
Leandro Barbosa	barbole01
J.J. Barea	bareajo01
Andrea Bargnani	bargnan01
Harrison Barnes	barneha02
Matt Barnes	barnema02
Scottie Barnes	barnesc01
RJ Barrett	barrerj01
Earl Barron	barroea01
Will Barton	bartowi01
Brandon Bass	bassbr01
Charles Bassey	bassech01
Paris Bass	basspa01
Keita Bates-Diop	bateske01
Shane Battier	battish01
Nicolas Batum	batumni01
Jerryd Bayless	bayleje01
Aron Baynes	baynear01
Kent Bazemore	bazemke01
Darius Bazley	bazleda01
Bradley Beal	bealbr01
Malik Beasley	beaslma01
Michael Beasley	beaslmi01
Marco Belinelli	belinma01
Jordan Bell	belljo01
DeAndre' Bembry	bembrde01
Dragan Bender	bendedr01
Jerrelle Benimon	benimje01
Anthony Bennett	bennean01
Ben Bentil	bentibe01
Davis Bertans	bertada01
Dairis Bertans	bertada02
Patrick Beverley	beverpa01
Saddiq Bey	beysa01
Tyler Bey	beyty01
Sim Bhullar	bhullsi01
Andris Biedrins	biedran01
Chauncey Billups	billuch01
Khem Birch	birchkh01
Jabari Bird	birdja01
Goga Bitadze	bitadgo01
Bismack Biyombo	biyombi01
Nemanja Bjelica	bjeline01
Tarik Black	blackta01
DeJuan Blair	blairde01
Antonio Blakeney	blakean01
Steve Blake	blakest01
Andray Blatche	blatcan01
Eric Bledsoe	bledser01
Keljin Blevins	blevike01
Jaron Blossomgame	blossja01
Vander Blue	blueva01
Keith Bogans	boganke01
Bogdan Bogdanovic	bogdabo01
Bojan Bogdanovic	bogdabo02
Andrew Bogut	bogutan01
Bol Bol	bolbo01
Jonah Bolden	boldejo01
Marques Bolden	boldema01
Leandro Bolmaro	bolmale01
Joel Bolomboy	bolomjo01
Jordan Bone	bonejo01
Isaac Bonga	bongais01
Matt Bonner	bonnema01
Devin Booker	bookede01
Trevor Booker	booketr01
Carlos Boozer	boozeca01
Chris Bosh	boshch01
Brandon Boston Jr.	bostobr01
Chris Boucher	bouchch01
James Bouknight	bouknja01
Brian Bowen II	bowenbr02
Ky Bowman	bowmaky01
Avery Bradley	bradlav01
Tony Bradley	bradlto01
Elton Brand	brandel01
Jarrell Brantley	brantja01
Ignas Brazdeikis	brazdig01
Corey Brewer	breweco01
Ronnie Brewer	brewero02
Mikal Bridges	bridgmi01
Miles Bridges	bridgmi02
Amida Brimah	brimaam01
Isaiah Briscoe	briscis01
Oshae Brissett	brissos01
Ryan Broekhoff	broekry01
Malcolm Brogdon	brogdma01
Aaron Brooks	brookaa01
Armoni Brooks	brookar01
Dillon Brooks	brookdi01
MarShon Brooks	brookma01
Anthony Brown	brownan02
Bobby Brown	brownbo02
Bruce Brown	brownbr01
Charles Brown Jr.	brownch02
Charlie Brown Jr.	brownch02
Chaundee Brown Jr.	brownch05
Greg Brown III	browngr01
Jabari Brown	brownja01
Jaylen Brown	brownja02
Lorenzo Brown	brownlo01
Markel Brown	brownma02
Moses Brown	brownmo01
Shannon Brown	brownsh01
Sterling Brown	brownst02
Troy Brown Jr.	browntr01
Jalen Brunson	brunsja01
Nicolas Brussino	brussni01
Elijah Bryant	bryanel01
Kobe Bryant	bryanko01
Thomas Bryant	bryanth01
Shaq Buchanan	buchash01
Chase Budinger	budinch01
Reggie Bullock	bullore01
Trey Burke	burketr01
Alec Burks	burksal01
Deonte Burton	burtode02
Caron Butler	butleca01
Jared Butler	butleja02
Jimmy Butler	butleji01
Rasual Butler	butlera01
Dwight Buycks	buyckdw01
Andrew Bynum	bynuman01
Will Bynum	bynumwi01
Bruno Caboclo	cabocbr01
Devontae Cacok	cacokde01
Nick Calathes	calatni01
Jose Calderon	caldejo01
Kentavious Caldwell-Pope	caldwke01
Facundo Campazzo	campafa01
Isaiah Canaan	canaais01
Vlatko Cancar	cancavl01
Devin Cannady	cannade01
Clint Capela	capelca01
Vernon Carey Jr.	careyve01
DeMarre Carroll	carrode01
Jevon Carter	carteje01
Michael Carter-Williams	cartemi01
Vince Carter	cartevi01
Wendell Carter Jr.	cartewe01
Alex Caruso	carusal01
Omri Casspi	casspom01
Willie Cauley-Stein	caulewi01
Troy Caupain	caupatr01
Tyler Cavanaugh	cavanty01
Ahmad Caver	caverah01
Mario Chalmers	chalmma01
Justin Champagnie	champju01
Tyson Chandler	chandty01
Wilson Chandler	chandwi01
Joe Chealey	chealjo01
Zylan Cheatham	cheatzy01
Will Cherry	cherrwi01
Josh Childress	childjo01
Chris Chiozza	chiozch01
Dionte Christmas	chrisdi01
Josh Christopher	chrisjo01
Marquese Chriss	chrisma01
Patrick Christopher	chrispa01
Rakeem Christmas	chrisra01
Semaj Christon	chrisse01
Brandon Clarke	clarkbr01
Coty Clarke	clarkco01
Earl Clark	clarkea01
Gary Clark	clarkga01
Ian Clark	clarkia01
Jordan Clarkson	clarkjo01
Gian Clavell	clavegi01
Victor Claver	clavevi01
Nicolas Claxton	claxtni01
Nic Claxton	claxtni01
Chris Clemons	clemoch01
Antonius Cleveland	clevean01
Amir Coffey	coffeam01
Norris Cole	coleno01
Darren Collison	collida01
Jason Collins	collija04
John Collins	collijo01
Kyle Collinsworth	colliky01
Nick Collison	collini01
Zach Collins	colliza01
Bonzie Colson	colsobo01
Mike Conley	conlemi01
Pat Connaughton	connapa01
Charles Cooke	cookech01
Quinn Cook	cookqu01
Tyler Cook	cookty01
Jack Cooley	cooleja01
Sharife Cooper	coopesh01
Chris Copeland	copelch01
Petr Cornelie	cornepe01
Matt Costello	costema01
Bryce Cotton	cottobr01
DeMarcus Cousins	couside01
Robert Covington	covinro01
Allen Crabbe	crabbal01
Torrey Craig	craigto01
Jamal Crawford	crawfja01
Jordan Crawford	crawfjo02
Mitchell Creek	creekmi01
Jae Crowder	crowdja01
Jarrett Culver	culveja01
Jarron Cumberland	cumbeja01
Cade Cunningham	cunnica01
Dante Cunningham	cunnida01
Jared Cunningham	cunnija01
Seth Curry	curryse01
Stephen Curry	curryst01
Samuel Dalembert	dalemsa01
Troy Daniels	danietr01
Nate Darling	darlina01
Gigi Datome	datomlu01
Brandon Davies	daviebr01
Anthony Davis	davisan02
Deyonta Davis	davisde01
Ed Davis	davised01
Glen Davis	davisgl01
Terence Davis	daviste02
Tyler Davis	davisty01
Andre Dawkins	dawkian01
Branden Dawson	dawsobr01
Austin Daye	dayeau01
Gabriel Deck	deckga01
Nando De Colo	decolna01
Dewayne Dedmon	dedmode01
Bryce Dejean-Jones	dejeabr01
Sam Dekker	dekkesa01
Malcolm Delaney	delanma01
Javin DeLaurier	delauja01
Angel Delgado	delgaan01
Matthew Dellavedova	dellama01
Luol Deng	denglu01
DeMar DeRozan	derozde01
Marcus Derrickson	derrima01
Mamadi Diakite	diakima01
Cheick Diallo	diallch01
Hamidou Diallo	diallha01
Boris Diaw	diawbo01
Gorgui Dieng	dienggo01
Spencer Dinwiddie	dinwisp01
Donte DiVincenzo	divindo01
Luka Doncic	doncilu01
Joey Dorsey	dorsejo01
Tyler Dorsey	dorsety01
Luguentz Dort	dortlu01
Ayo Dosunmu	dosunay01
Damyean Dotson	dotsoda01
Devon Dotson	dotsode01
Chris Douglas-Roberts	douglch01
Toney Douglas	douglto01
Sekou Doumbouya	doumbse01
Jeff Dowtin	dowtije01
Milton Doyle	doylemi01
PJ Dozier	doziepj01
P.J. Dozier	doziepj01
Goran Dragic	dragigo01
Zoran Dragic	dragizo01
Larry Drew II	drewla02
Andre Drummond	drumman01
Chris Duarte	duartch01
Jared Dudley	dudleja01
Duje Dukan	dukandu01
David Duke Jr.	dukeda01
Tim Duncan	duncati01
Mike Dunleavy	dunlemi02
Kris Dunn	dunnkr01
Kevin Durant	duranke01
Trevon Duval	duvaltr01
Cleanthony Early	earlycl01
Jaime Echenique	echenja01
Jarell Eddie	eddieja01
Anthony Edwards	edwaran01
Carsen Edwards	edwarca01
Kessler Edwards	edwarke02
Rob Edwards	edwarro01
Shane Edwards	edwarsh01
Vincent Edwards	edwarvi01
CJ Elleby	ellebcj01
Henry Ellenson	ellenhe01
Wayne Ellington	ellinwa01
Monta Ellis	ellismo01
Melvin Ely	elyme01
Joel Embiid	embiijo01
James Ennis III	ennisja01
Tyler Ennis	ennisty01
Drew Eubanks	eubandr01
Jawun Evans	evansja01
Jacob Evans	evansja02
Jeremy Evans	evansje01
Reggie Evans	evansre01
Tyreke Evans	evansty01
Dante Exum	exumda01
Festus Ezeli	ezelife01
Tacko Fall	fallta01
Kenneth Faried	farieke01
Jordan Farmar	farmajo01
Vitor Faverani	favervi01
Derrick Favors	favorde01
Kay Felder	feldeka01
Cristiano Felicio	feliccr01
Carrick Felix	felixca01
Raymond Felton	feltora01
Terrance Ferguson	fergute01
Bruno Fernando	fernabr01
Yogi Ferrell	ferreyo01
Landry Fields	fieldla01
Dorian Finney-Smith	finnedo01
Derek Fisher	fishede01
Malik Fitts	fittsma01
Malachi Flynn	flynnma01
Bryn Forbes	forbebr01
Aleem Ford	fordal03
Trent Forrest	forretr01
Evan Fournier	fournev01
De'Aaron Fox	foxde01
Randy Foye	foyera01
Jamaal Franklin	frankja01
Robert Franks	frankro01
Melvin Frazier Jr.	frazime01
Michael Frazier	frazimi01
Tim Frazier	fraziti01
Jimmer Fredette	fredeji01
Joel Freeland	freeljo01
Channing Frye	fryech01
Markelle Fultz	fultzma01
Wenyen Gabriel	gabriwe01
Daniel Gafford	gaffoda01
Danilo Gallinari	gallida01
Langston Galloway	gallola01
Francisco Garcia	garcifr01
Patricio Garino	garinpa01
Darius Garland	garlada01
Kevin Garnett	garneke01
Billy Garrett	garrebi01
Diante Garrett	garredi02
Marcus Garrett	garrema01
Usman Garuba	garubus01
Luka Garza	garzalu01
Marc Gasol	gasolma01
Pau Gasol	gasolpa01
Rudy Gay	gayru01
Michael Gbinije	gbinimi01
Alonzo Gee	geeal01
Marcus Georges-Hunt	georgma01
Paul George	georgpa01
Jonathan Gibson	gibsojo01
Taj Gibson	gibsota01
Josh Giddey	giddejo01
Harry Giles III	gilesha01
Shai Gilgeous-Alexander	gilgesh01
Anthony Gill	gillan01
Freddie Gillespie	gillefr01
Manu Ginobili	ginobma01
Rudy Gobert	goberru01
Ryan Gomes	gomesry01
Drew Gooden	goodedr01
Archie Goodwin	goodwar01
Brandon Goodwin	goodwbr01
Jordan Goodwin	goodwjo01
Aaron Gordon	gordoaa01
Ben Gordon	gordobe01
Drew Gordon	gordodr01
Eric Gordon	gordoer01
Marcin Gortat	gortama01
Andrew Goudelock	goudean01
Devonte' Graham	grahade01
Treveon Graham	grahatr01
Danny Granger	grangda01
Donte Grantham	grantdo01
Jerami Grant	grantje01
Jerian Grant	grantje02
Hassani Gravett	graveha01
Aaron Gray	grayaa01
Josh Gray	grayjo01
Danny Green	greenda02
Draymond Green	greendr01
Erick Green	greener01
Gerald Green	greenge01
JaMychal Green	greenja01
Javonte Green	greenja02
Jalen Green	greenja05
Jeff Green	greenje02
Josh Green	greenjo02
Willie Green	greenwi01
Blake Griffin	griffbl01
Quentin Grimes	grimequ01
Marko Guduric	gudurma01
Jorge Gutierrez	gutiejo01
Kyle Guy	guyky01
Rui Hachimura	hachiru01
Ashton Hagans	haganas01
PJ Hairston	hairspj02
Tyrese Haliburton	halibty01
Devon Hall	hallde01
Donta Hall	halldo01
Josh Hall	halljo01
Tyler Hall	hallty01
Daniel Hamilton	hamilda02
Jordan Hamilton	hamiljo02
Justin Hamilton	hamilju01
AJ Hammons	hammoaj01
R.J. Hampton	hamptrj01
Dusty Hannahs	hannadu01
Tyler Hansbrough	hansbty01
Tim Hardaway Jr.	hardati02
James Harden	hardeja01
Maurice Harkless	harklma01
Jared Harper	harpeja01
Justin Harper	harpeju01
Josh Harrellson	harrejo01
Montrezl Harrell	harremo01
Aaron Harrison	harriaa01
Al Harrington	harrial01
Andrew Harrison	harrian01
Devin Harris	harride01
Elias Harris	harriel01
Gary Harris	harriga01
Jalen Harris	harrija01
Joe Harris	harrijo01
Manny Harris	harrima01
Mike Harris	harrimi01
Shaquille Harrison	harrish01
Tobias Harris	harrito02
Isaiah Hartenstein	harteis01
Josh Hart	hartjo01
Udonis Haslem	hasleud01
Sam Hauser	hausesa01
Spencer Hawes	hawessp01
Chuck Hayes	hayesch01
Jaxson Hayes	hayesja02
Killian Hayes	hayeski01
Nigel Hayes	hayesni01
Gordon Hayward	haywago01
Brendan Haywood	haywobr01
Reggie Hearn	hearnre01
Gerald Henderson	hendege02
Aaron Henry	henryaa01
Myke Henry	henrymy01
Xavier Henry	henryxa01
John Henson	hensojo01
Dewan Hernandez	hernade01
Juancho Hernangomez	hernaju01
Willy Hernangomez	hernawi01
Tyler Herro	herroty01
Kevin Hervey	herveke01
Mario Hezonja	hezonma01
Roy Hibbert	hibbero01
Isaiah Hicks	hicksis01
JJ Hickson	hicksjj01
Buddy Hield	hieldbu01
Haywood Highsmith	highsha01
Nene	hilarne01
George Hill	hillge01
Darrun Hilliard	hillida01
Jordan Hill	hilljo01
Malcolm Hill	hillma01
Solomon Hill	hillso01
Kirk Hinrich	hinriki01
Nate Hinton	hintona01
Jaylen Hoard	hoardja01
Aaron Holiday	holidaa01
Jrue Holiday	holidjr01
Justin Holiday	holidju01
John Holland	hollajo02
Rondae Hollis-Jefferson	holliro01
Ryan Hollins	holliry01
Richaun Holmes	holmeri01
Rodney Hood	hoodro01
Scotty Hopson	hopsosc01
Al Horford	horfoal01
Talen Horton-Tucker	hortota01
Danuel House Jr.	houseda01
Dwight Howard	howardw01
Markus Howard	howarma02
William Howard	howarwi01
Lester Hudson	hudsole01
Kevin Huerter	huertke01
Marcelo Huertas	huertma01
Josh Huestis	huestjo01
Jay Huff	huffja01
Elijah Hughes	hugheel01
Robbie Hummel	hummero01
Isaac Humphries	humphis01
Kris Humphries	humphkr01
De'Andre Hunter	huntede01
RJ Hunter	hunterj01
Vincent Hunter	huntevi01
Feron Hunt	huntfe01
Chandler Hutchison	hutchch01
Bones Hyland	hylanbo01
Serge Ibaka	ibakase01
Andre Iguodala	iguodan01
Ersan Ilyasova	ilyaser01
Joe Ingles	inglejo01
Damien Inglis	inglida01
Andre Ingram	ingraan01
Brandon Ingram	ingrabr01
Kyrie Irving	irvinky01
Jonathan Isaac	isaacjo01
Royal Ivey	iveyro01
Wes Iwundu	iwundwe01
Jarrett Jack	jackja01
Aaron Jackson	jacksaa01
Demetrius Jackson	jacksde01
Frank Jackson	jacksfr01
Isaiah Jackson	jacksis01
Jaren Jackson Jr.	jacksja02
Josh Jackson	jacksjo02
Justin Jackson	jacksju01
Pierre Jackson	jackspi01
Reggie Jackson	jacksre01
Stephen Jackson	jacksst02
Bernard James	jamesbe01
Damion James	jamesda01
Justin James	jamesju01
LeBron James	jamesle01
Mike L. James	jamesmi01
Mike James	jamesmi02
Antawn Jamison	jamisan01
DeJon Jarreau	jarrede01
Al Jefferson	jeffeal01
Amile Jefferson	jeffeam01
Cory Jefferson	jeffeco01
Othyus Jeffers	jeffeot01
Richard Jefferson	jefferi01
DaQuan Jeffries	jeffrda01
John Jenkins	jenkijo01
Brandon Jennings	jennibr01
Jonas Jerebko	jerebjo01
Ty Jerome	jeromty01
Grant Jerrett	jerregr01
Isaiah Joe	joeis01
Alize Johnson	johnsal02
Amir Johnson	johnsam01
BJ Johnson	johnsbj01
Brice Johnson	johnsbr02
Cameron Johnson	johnsca02
Chris Johnson	johnsch04
Darius Johnson-Odom	johnsda03
Dakari Johnson	johnsda04
David Johnson	johnsda08
James Johnson	johnsja01
Jalen Johnson	johnsja05
Joe Johnson	johnsjo02
Keldon Johnson	johnske04
Keon Johnson	johnske07
Nick Johnson	johnsni01
Omari Johnson	johnsom01
Orlando Johnson	johnsor01
Stanley Johnson	johnsst04
Tyler Johnson	johnsty01
Wesley Johnson	johnswe01
Nikola Jokic	jokicni01
Carlik Jones	jonesca03
Dahntay Jones	jonesda02
Damian Jones	jonesda03
Derrick Jones Jr.	jonesde02
Herbert Jones	joneshe01
James Jones	jonesja02
Jalen Jones	jonesja04
Jemerrio Jones	jonesje01
Kai Jones	joneska01
Mason Jones	jonesma05
Perry Jones III	jonespe01
Solomon Jones	jonesso01
Terrence Jones	joneste01
Tre Jones	jonestr01
Tyus Jones	jonesty01
DeAndre Jordan	jordade01
Jerome Jordan	jordaje01
Cory Joseph	josepco01
Mfiondu Kabengele	kabenmf01
Georgios Kalaitzakis	kalaige01
Chris Kaman	kamanch01
Frank Kaminsky	kaminfr01
Enes Kanter	kanteen01
Enes Freedom	kanteen01
Sergey Karasev	karasse01
Sasha Kaun	kaunsa01
Ryan Kelly	kellyry01
Luke Kennard	kennalu01
Braxton Key	keybr01
Michael Kidd-Gilchrist	kiddgmi01
Stanton Kidd	kiddst01
Sean Kilpatrick	kilpase01
George King	kingge03
Louis King	kinglo02
Andrei Kirilenko	kirilan01
Alex Kirk	kirkal01
Corey Kispert	kispeco01
Maxi Kleber	klebima01
Brandon Knight	knighbr03
Nathan Knight	knighna01
Kevin Knox	knoxke01
Kevin Knox II	knoxke01
John Konchar	konchjo01
Furkan Korkmaz	korkmfu01
Luke Kornet	kornelu01
Kyle Korver	korveky01
Kosta Koufos	koufoko01
Viacheslav Kravtsov	kravtvi01
Vit Krejci	krejcvi01
Arnoldas Kulboka	kulboar01
Jonathan Kuminga	kuminjo01
Rodions Kurucs	kurucro01
Kyle Kuzma	kuzmaky01
Mindaugas Kuzminskas	kuzmimi01
Ognjen Kuzmic	kuzmiog01
Skal Labissiere	labissk01
Anthony Lamb	lamban01
Doron Lamb	lambdo01
Jeremy Lamb	lambje01
Jock Landale	landajo01
Carl Landry	landrca01
Romeo Langford	langfro01
Nicolas Laprovittola	laproni01
Shane Larkin	larkish01
Joffrey Lauvergne	lauvejo01
Zach LaVine	lavinza01
Ty Lawson	lawsoty01
Vic Law	lawvi01
Jake Layman	laymaja01
TJ Leaf	leaftj01
T.J. Leaf	leaftj01
Jalen Lecque	lecquja01
Ricky Ledo	ledori01
Courtney Lee	leeco01
David Lee	leeda02
Damion Lee	leeda03
Malcolm Lee	leema01
Saben Lee	leesa01
Walter Lemon Jr.	lemonwa01
Alex Len	lenal01
Kawhi Leonard	leonaka01
Meyers Leonard	leoname01
Jon Leuer	leuerjo01
Caris LeVert	leverca01
Kira Lewis Jr.	lewiski01
Rashard Lewis	lewisra02
Scottie Lewis	lewissc01
DeAndre Liggins	liggide01
Damian Lillard	lillada01
Jeremy Lin	linje01
Nassir Little	littlna01
Isaiah Livers	liveris01
Shaun Livingston	livinsh01
Zach Lofton	loftoza01
Shawn Long	longsh01
Kevon Looney	looneke01
Brook Lopez	lopezbr01
Robin Lopez	lopezro01
Didi Louzada	louzama01
Kevin Love	loveke01
Kyle Lowry	lowryky01
Jordan Loyd	loydjo01
John Lucas III	lucasjo02
Kalin Lucas	lucaska01
Gabriel Lundberg	lundbga01
Timothe Luwawu-Cabarrot	luwawti01
Tyler Lydon	lydonty01
Trey Lyles	lylestr01
Scott Machado	machasc01
Shelvin Mack	macksh01
Daryl Macon	maconda01
J.P. Macura	macurjp01
Josh Magette	magetjo01
Will Magnay	magnawi01
Ian Mahinmi	mahinia01
Thon Maker	makerth01
Theo Maledon	maledth01
Sandro Mamukelashvili	mamuksa01
Karim Mane	maneka01
Nico Mannion	mannini01
Terance Mann	mannte01
Tre Mann	manntr01
Devyn Marble	marblde01
Shawn Marion	mariosh01
Boban Marjanovic	marjabo01
Lauri Markkanen	markkla01
Kendall Marshall	marshke01
Naji Marshall	marshna01
Cartier Martin	martica01
Caleb Martin	martica02
Cody Martin	martico01
Jarell Martin	martija01
Jeremiah Martin	martije02
Kenyon Martin	martike01
Kevin Martin	martike02
Kelan Martin	martike03
Kenyon Martin Jr.	martike04
Frank Mason	masonfr01
Roger Mason Jr.	masonro01
Yante Maten	matenya01
Garrison Mathews	mathega01
Dakota Mathias	mathida01
Mangok Mathiang	mathima01
Wesley Matthews	matthwe02
Tyrese Maxey	maxeyty01
Jason Maxiell	maxieja01
Eric Maynor	maynoer01
O.J. Mayo	mayooj01
Skylar Mays	mayssk01
Luc Mbah a Moute	mbahalu01
James Michael McAdoo	mcadoja01
Miles McBride	mcbrimi01
Ray McCallum	mccalra01
Tahjere McCall	mccalta01
Patrick McCaw	mccawpa01
Sheldon Mac	mcclesh01
Mac McClung	mccluma01
CJ McCollum	mccolcj01
T.J. McConnell	mccontj01
Erik McCree	mccreer01
Chris McCullough	mcculch01
Jalen McDaniels	mcdanja01
Jaden McDaniels	mcdanja02
KJ McDaniels	mcdankj01
Doug McDermott	mcderdo01
Sean McDermott	mcderse01
Mitch McGary	mcgarmi01
JaVale McGee	mcgeeja01
Cameron McGriff	mcgrica01
Rodney McGruder	mcgruro01
Alfonzo McKinnie	mckinal01
Trey McKinney-Jones	mckintr01
JaQuori McLaughlin	mclauja01
Jordan McLaughlin	mclaujo01
Ben McLemore	mclembe01
Jerel McNeal	mcneaje01
Jordan McRae	mcraejo01
Josh McRoberts	mcrobjo01
Jodie Meeks	meeksjo01
Salah Mejri	mejrisa01
Gal Mekel	mekelga01
Nicolo Melli	mellini01
De'Anthony Melton	meltode01
Sam Merrill	merrisa01
Chimezie Metu	metuch01
Jordan Mickey	mickejo01
Khris Middleton	middlkh01
Eric Mika	mikaer01
CJ Miles	milescj01
Andre Miller	millean02
Darius Miller	milleda01
Malcolm Miller	millema01
Mike Miller	millemi01
Quincy Miller	millequ01
Elijah Millsap	millsel01
Paul Millsap	millspa01
Patty Mills	millspa02
Shake Milton	miltosh01
Nikola Mirotic	mirotni01
Davion Mitchell	mitchda01
Donovan Mitchell	mitchdo01
Tony L. Mitchell	mitchto02
Tony Mitchell	mitchto03
Naz Mitrou-Long	mitrona01
Evan Mobley	mobleev01
Nazr Mohammed	mohamna01
Adam Mokoka	mokokad01
Malik Monk	monkma01
Greg Monroe	monrogr01
Luis Montero	montelu01
Moses Moody	moodymo01
Matt Mooney	moonema01
Xavier Moon	moonxa01
Ben Moore	moorebe01
E'Twaun Moore	mooreet01
Ja Morant	moranja01
Eric Moreland	moreler01
Juwan Morgan	morgaju01
Darius Morris	morrida01
Jaylen Morris	morrija01
Markieff Morris	morrima02
Marcus Morris	morrima03
Marcus Morris Sr.	morrima03
Monte Morris	morrimo01
Anthony Morrow	morroan01
Donatas Motiejunas	motiedo01
Johnathan Motley	motlejo01
Arnett Moultrie	moultar01
Timofey Mozgov	mozgoti01
Emmanuel Mudiay	mudiaem01
Shabazz Muhammad	muhamsh01
Mychal Mulder	muldemy01
Byron Mullens	mulleby01
Xavier Munford	munfoxa02
Ade Murkey	murkead01
Erik Murphy	murpher01
Trey Murphy III	murphtr02
Dejounte Murray	murrade01
Jamal Murray	murraja01
Toure' Murry	murryto01
Dzanan Musa	musadz01
Mike Muscala	muscami01
Svi Mykhailiuk	mykhasv01
Abdel Nader	naderab01
Larry Nance Jr.	nancela02
Shabazz Napier	napiesh01
Steve Nash	nashst01
Hamady Ndiaye	ndiayha01
Maurice Ndour	ndourma01
Gary Neal	nealga01
Nemanja Nedovic	nedovne01
Jameer Nelson	nelsoja01
RJ Nembhard Jr.	nembhrj01
Aaron Nesmith	nesmiaa01
Raul Neto	netora01
Malik Newman	newmama01
Georges Niang	niangge01
Andrew Nicholson	nichoan01
Daishen Nix	nixda01
Zeke Nnaji	nnajize01
Joakim Noah	noahjo01
Nerlens Noel	noelne01
Lucas Nogueira	noguelu01
Zach Norvell Jr.	norveza01
Steve Novak	novakst01
Jaylen Nowell	nowelja01
Dirk Nowitzki	nowitdi01
Frank Ntilikina	ntilila01
James Nunnally	nunnaja01
Kendrick Nunn	nunnke01
Jusuf Nurkic	nurkiju01
David Nwaba	nwabada01
Jordan Nwora	nworajo01
JJ O'Brien	obriejj01
Johnny O'Bryant III	obryajo01
Daniel Ochefu	ochefda01
Greg Oden	odengr01
Semi Ojeleye	ojelese01
Emeka Okafor	okafoem01
Jahlil Okafor	okafoja01
Chuma Okeke	okekech01
Elie Okobo	okoboel01
Josh Okogie	okogijo01
Onyeka Okongwu	okongon01
Isaac Okoro	okorois01
KZ Okpala	okpalkz01
Victor Oladipo	oladivi01
Cameron Oliver	oliveca01
Kelly Olynyk	olynyke01
Eugene Omoruyi	omorueu01
Jermaine O'Neal	onealje01
Royce O'Neale	onealro01
Miye Oni	onimi01
Arinze Onuaku	onuakar01
Chinanu Onuaku	onuakch01
Kyle O'Quinn	oquinky01
Daniel Orton	ortonda01
Cedi Osman	osmande01
Daniel Oturu	oturuda01
Kelly Oubre Jr.	oubreke01
Travis Outlaw	outlatr01
Tariq Owens	owensta01
Zaza Pachulia	pachuza01
Jaysean Paige	paigeja01
Marcus Paige	paigema01
Trayvon Palmer	palmetr01
Kevin Pangos	pangoke01
Georgios Papagiannis	papagge01
Kostas Papanikolaou	papanko01
Jannero Pargo	pargoja01
Jeremy Pargo	pargoje01
Jabari Parker	parkeja01
Tony Parker	parketo01
Chandler Parsons	parsoch01
Eric Paschall	pascher01
Anzejs Pasecniks	pasecan01
Lamar Patterson	pattela01
Patrick Patterson	pattepa01
Justin Patton	pattoju01
Brandon Paul	paulbr01
Chris Paul	paulch01
Adreian Payne	paynead01
Cameron Payne	payneca01
Elfrid Payton	paytoel01
Gary Payton II	paytoga02
Nikola Pekovic	pekovni01
Norvel Pelle	pelleno01
Jeff Ayres	pendeje02
Kendrick Perkins	perkike01
London Perrantes	perralo01
Reggie Perry	perryre01
Alec Peters	peteral01
Jamorko Pickett	pickeja01
Paul Pierce	piercpa01
Theo Pinson	pinsoth01
Dexter Pittman	pittmde01
Tibor Pleiss	pleisti01
Mason Plumlee	plumlma01
Marshall Plumlee	plumlma02
Miles Plumlee	plumlmi01
Jakob Poeltl	poeltja01
Vincent Poirier	poirivi01
Aleksej Pokusevski	pokusal01
Quincy Pondexter	pondequ01
Shamorie Ponds	pondssh01
Yves Pons	ponsyv01
Jordan Poole	poolejo01
Jontay Porter	portejo01
Kevin Porter Jr.	porteke02
Michael Porter Jr.	portemi01
Otto Porter Jr.	porteot01
Bobby Portis	portibo01
Kristaps Porzingis	porzikr01
Micah Potter	pottemi01
Dwight Powell	poweldw01
Josh Powell	poweljo01
Myles Powell	powelmy01
Norman Powell	powelno01
Alex Poythress	poythal01
Phil Pressey	pressph01
AJ Price	priceaj01
Ronnie Price	pricero01
Pablo Prigioni	prigipa01
Joshua Primo	primojo01
Tayshaun Prince	princta01
Taurean Prince	princta02
Payton Pritchard	pritcpa01
Jacob Pullen	pulleja01
Rodney Purvis	purviro01
Zhou Qi	qizh01
Tim Quarterman	quartti01
Trevelin Queen	queentr01
Neemias Queta	quetane01
Immanuel Quickley	quickim01
Ivan Rabb	rabbiv01
Miroslav Raduljica	radulmi01
Jahmi'us Ramsey	ramseja01
Chasson Randle	randlch01
Julius Randle	randlju01
Anthony Randolph	randoan01
Shavlik Randolph	randosh01
Zach Randolph	randoza01
Xavier Rathan-Mayes	rathaxa01
Austin Reaves	reaveau01
Josh Reaves	reavejo02
Cam Reddish	reddica01
JJ Redick	redicjj01
Davon Reed	reedda01
Paul Reed	reedpa01
Willie Reed	reedwi02
Naz Reid	reidna01
Cameron Reynolds	reynoca01
Glen Rice	ricegl02
Jason Richardson	richaja01
Josh Richardson	richajo01
Malachi Richardson	richama01
Nick Richards	richani01
Luke Ridnour	ridnolu01
Grant Riller	rillegr01
Austin Rivers	riverau01
Andre Roberson	roberan03
Brian Roberts	roberbr01
Devin Robinson	robinde01
Duncan Robinson	robindu01
Glenn Robinson III	robingl02
Jerome Robinson	robinje01
Jeremiah Robinson-Earl	robinje02
Justin Robinson	robinju01
Mitchell Robinson	robinmi01
Nate Robinson	robinna01
Thomas Robinson	robinth01
Isaiah Roby	robyis01
Sergio Rodriguez	rodrise01
Rajon Rondo	rondora01
Derrick Rose	rosede01
Terrence Ross	rosste01
Terry Rozier	roziete01
Ricky Rubio	rubiori01
Damjan Rudez	rudezda01
Brandon Rush	rushbr01
D'Angelo Russell	russeda01
Matt Ryan	ryanma01
Domantas Sabonis	sabondo01
Robert Sacre	sacrero01
John Salmons	salmojo01
Luka Samanic	samanlu01
Brandon Sampson	sampsbr01
JaKarr Sampson	sampsja02
Larry Sanders	sandela01
Dario Saric	saricda01
Olivier Sarr	sarrol01
Tomas Satoransky	satorto01
Jordan Schakel	schakjo01
Admiral Schofield	schofad01
Dennis Schroder	schrode01
Luis Scola	scolalu01
Mike Scott	scottmi01
Trevon Scott	scotttr01
Jay Scrubb	scrubja01
Thabo Sefolosha	sefolth01
Wayne Selden	seldewa01
Alperen Sengun	sengual01
Kevin Seraphin	serapke01
Ramon Sessions	sessira01
Collin Sexton	sextoco01
Mustafa Shakur	shakumu01
Landry Shamet	shamela01
Day'Ron Sharpe	sharpda01
Marial Shayok	shayoma01
Tornike Shengelia	shengto01
Iman Shumpert	shumpim01
Alexey Shved	shvedal01
Pascal Siakam	siakapa01
Jordan Sibert	siberjo01
Xavier Silas	silasxa01
Chris Silva	silvach01
Ben Simmons	simmobe01
Jonathon Simmons	simmojo02
Kobi Simmons	simmoko01
Anfernee Simons	simonan01
Marko Simonovic	simonma01
Zavier Simpson	simpsza01
Henry Sims	simshe01
Jericho Sims	simsje01
Chris Singleton	singlch01
Kyle Singler	singlky01
Deividas Sirvydis	sirvyde01
Peyton Siva	sivape01
Donald Sloan	sloando01
Alen Smailagic	smailal01
Javonte Smart	smartja01
Marcus Smart	smartma01
Chris Smith	smithch05
Dennis Smith Jr.	smithde03
Greg Smith	smithgr02
Ish Smith	smithis01
Jason Smith	smithja02
Jalen Smith	smithja04
Josh Smith	smithjo03
JR Smith	smithjr01
Russ Smith	smithru01
Zhaire Smith	smithzh01
Xavier Sneed	sneedxa01
Tony Snell	snellto01
James Southerland	southja01
Ray Spalding	spaldra01
Marreese Speights	speigma01
Omari Spellman	spellom01
Tiago Splitter	splitti01
Jaden Springer	sprinja01
Cassius Stanley	stanlca01
Nik Stauskas	stausni01
Alex Stepheson	stephal01
DJ Stephens	stephdj01
Lance Stephenson	stephla01
Lamar Stevens	stevela01
Isaiah Stewart	stewais01
Greg Stiemsma	stiemgr01
David Stockton	stockda01
Jarnell Stokes	stokeja01
Diamond Stone	stonedi01
Julyan Stone	stoneju01
Amar'e Stoudemire	stoudam01
Max Strus	strusma01
Rodney Stuckey	stuckro01
Jalen Suggs	suggsja01
Jared Sullinger	sullija01
Edmond Sumner	sumneed01
Caleb Swanigan	swanica01
Craig Sword	swordcr01
Keifer Sykes	sykeske01
Jae'Sean Tate	tateja01
Jayson Tatum	tatumja01
Edy Tavares	tavarwa01
Isaiah Taylor	taylois01
Jeffery Taylor	tayloje03
Terry Taylor	taylote01
Tyshawn Taylor	tayloty01
Jeff Teague	teaguje01
Marquis Teague	teaguma01
Mirza Teletovic	teletmi01
Sebastian Telfair	telfase01
Garrett Temple	templga01
Milos Teodosic	teodomi01
Jared Terrell	terreja01
Emanuel Terry	terryem01
Jason Terry	terryja01
Tyrell Terry	terryty01
Jon Teske	teskejo01
Hasheem Thabeet	thabeha01
Daniel Theis	theisda01
Adonis Thomas	thomaad01
Brodric Thomas	thomabr01
Cam Thomas	thomaca02
Isaiah Thomas	thomais02
Khyri Thomas	thomakh01
Lance Thomas	thomala01
Malcolm Thomas	thomama01
Matt Thomas	thomama02
Tyrus Thomas	thomaty01
Hollis Thompson	thompho01
Jason Thompson	thompja02
Klay Thompson	thompkl01
Tristan Thompson	thomptr01
JT Thor	thorjt01
Marcus Thornton	thornma01
Sindarius Thornwell	thornsi01
Matisse Thybulle	thybuma01
Killian Tillie	tilliki02
Xavier Tillman	tillmxa01
Jamaal Tinsley	tinslja01
Mike Tobey	tobeymi01
Isaiah Todd	toddis01
Anthony Tolliver	tollian01
Obi Toppin	toppiob01
Juan Toscano-Anderson	toscaju01
Axel Toupane	toupaax01
Karl-Anthony Towns	townska01
Gary Trent Jr.	trentga02
Allonzo Trier	trieral01
PJ Tucker	tuckepj01
P.J. Tucker	tuckepj01
Rayjon Tucker	tuckera01
Ronny Turiaf	turiaro01
Hedo Turkoglu	turkohe01
Evan Turner	turneev01
Myles Turner	turnemy01
Jeremy Tyler	tylerje01
Ekpe Udoh	udohek01
Beno Udrih	udrihbe01
Tyler Ulis	ulisty01
Jarrod Uthoff	uthofja01
Jonas Valanciunas	valanjo01
Denzel Valentine	valende01
Jarred Vanderbilt	vandeja01
Fred VanVleet	vanvlfr01
Anderson Varejao	varejan01
Jarvis Varnado	varnaja01
Greivis Vasquez	vasqugr01
Devin Vassell	vassede01
Rashad Vaughn	vaughra01
Jan Vesely	veselja01
Luca Vildoza	vildolu01
Charlie Villanueva	villach01
Gabe Vincent	vincega01
Noah Vonleh	vonleno01
Nikola Vucevic	vucevni01
Sasha Vujacic	vujacsa01
Dean Wade	wadede01
Dwyane Wade	wadedw01
Franz Wagner	wagnefr01
Moritz Wagner	wagnemo01
Ish Wainright	wainris01
Dion Waiters	waitedi01
Henry Walker	walkebi01
Kemba Walker	walkeke02
Lonnie Walker IV	walkelo01
MJ Walker	walkemj01
Gerald Wallace	wallage01
Tyrone Wallace	wallaty01
John Wall	walljo01
Derrick Walton Jr.	waltode01
Brad Wanamaker	wanambr01
Casper Ware	wareca01
Jameel Warney	warneja01
T.J. Warren	warretj01
Julian Washburn	washbju01
Duane Washington Jr.	washidu02
P.J. Washington	washipj01
Yuta Watanabe	watanyu01
Lindy Waters III	waterli01
Tremont Waters	watertr01
Trendon Watford	watfotr01
C.J. Watson	watsocj01
Earl Watson	watsoea01
Paul Watson	watsopa01
Maalik Wayns	waynsma01
David Wear	wearda01
Travis Wear	weartr01
Quinndary Weatherspoon	weathqu01
James Webb III	webbja01
Briante Weber	weberbr01
Martell Webster	webstma02
Sonny Weems	weemsso01
Thomas Welsh	welshth01
Russell Westbrook	westbru01
David West	westda01
Andrew White III	whitean01
Coby White	whiteco01
Derrick White	whitede01
DJ White	whitedj01
Hassan Whiteside	whiteha01
Isaiah Whitehead	whiteis01
Okaro White	whiteok01
Royce White	whitero03
Greg Whittington	whittgr01
Shayne Whittington	whittsh01
Joe Wieskamp	wieskjo01
Aaron Wiggins	wiggiaa01
Andrew Wiggins	wiggian01
Lindell Wigginton	wiggili01
CJ Wilcox	wilcocj01
Jacob Wiley	wileyja01
Damien Wilkins	wilkida02
Alan Williams	willial03
Brandon Williams	willibr03
C.J. Williams	willicj01
Deron Williams	willide01
Derrick Williams	willide02
Elliot Williams	williel01
Grant Williams	willigr01
Johnathan Williams	willijo04
Kenrich Williams	willike04
Lou Williams	willilo02
Mo Williams	willima01
Marvin Williams	willima02
Matt Williams Jr.	willima05
Nigel Williams-Goss	willini01
Patrick Williams	willipa01
Reggie Williams	willire02
Robert Williams III	williro04
Shawne Williams	willish03
Troy Williams	willitr02
Zion Williamson	willizi01
Ziaire Williams	willizi02
D.J. Wilson	wilsodj01
Jamil Wilson	wilsoja02
Kyle Wiltjer	wiltjky01
Dylan Windler	windldy01
Justise Winslow	winslju01
Cassius Winston	winstca01
James Wiseman	wisemja01
Jeff Withey	witheje01
Nate Wolters	woltena01
Robert Woodard II	woodaro01
Christian Wood	woodch01
Brandan Wright	wrighbr03
Chris Wright	wrighch01
Delon Wright	wrighde01
Dorell Wright	wrighdo01
Justin Wright-Foreman	wrighju02
McKinley Wright IV	wrighmc01
Moses Wright	wrighmo01
Tony Wroten	wroteto01
Guerschon Yabusele	yabusgu01
Gabe York	yorkga01
James Young	youngja01
Joe Young	youngjo01
Nick Young	youngni01
Thaddeus Young	youngth01
Trae Young	youngtr01
Omer Yurtseven	yurtsom01
Cody Zeller	zelleco01
Tyler Zeller	zellety01
Stephen Zimmerman	zimmest01
Paul Zipser	zipsepa01
Ante Zizic	zizican01
Ivica Zubac	zubaciv01
