\\/Natalia_Romanova_(Earth-616)	Natalia Romanova (Earth-616)	Apr-64	Red Hair	Green Eyes	Bisexual Characters	Public Identity	Female Characters	Good Characters	Living Characters
\\/Hercules_(Earth-616)	Hercules (Earth-616)	Oct-65	Brown Hair	Blue Eyes	Bisexual Characters	No Dual Identity	Male Characters	Good Characters	Living Characters
\\/Elizabeth_Braddock_(Earth-616)	Elizabeth Braddock (Earth-616)	Dec-76	Purple Hair	Blue Eyes	Bisexual Characters	Secret Identity	Female Characters	Neutral Characters	Living Characters
\\/Loki_Laufeyson_(Earth-616)	Loki Laufeyson (Earth-616)	Aug-49	Black Hair	Green Eyes	Bisexual Characters	No Dual Identity	Genderfluid Characters	Neutral Characters	Living Characters
\\/Deadpool_(Wade_Wilson)	Deadpool (Wade Wilson)	Feb-91	Bald	Brown Eyes	Transvestites	Secret Identity	Male Characters	Neutral Characters	Living Characters
\\/Raven_Darkholme_(Earth-616)	Raven Darkholme (Earth-616)	Apr-78	Red Hair	Yellow Eyes	Bisexual Characters	Secret Identity	Female Characters	Bad Characters	Living Characters
\\/Heather_Douglas_(Earth-616)	Heather Douglas (Earth-616)	Jan-73	Bald	Blue Eyes	Bisexual Characters	Secret Identity	Female Characters	Good Characters	Living Characters
\\/Jean-Paul_Beaubier_(Earth-616)	Jean-Paul Beaubier (Earth-616)	Apr-79	Black Hair	Blue Eyes	Homosexual Characters	Secret Identity	Male Characters	Good Characters	Living Characters
\\/Jonathan_Clay_(Earth-616)	Jonathan Clay (Earth-616)	Aug-60	Red Hair	Blue Eyes	Homosexual Characters	Secret Identity	Male Characters	Good Characters	Living Characters
\\/Julio_Richter_(Earth-616)	Julio Richter (Earth-616)	Jun-87	Brown Hair	Brown Eyes	Homosexual Characters	Secret Identity	Male Characters	Good Characters	Living Characters
\\/Akihiro_(Earth-616)	Akihiro (Earth-616)	Oct-06	Black Hair	Blue Eyes	Bisexual Characters	Secret Identity	Male Characters	Bad Characters	Living Characters
\\/Victor_Borkowski_(Earth-616)	Victor Borkowski (Earth-616)	Aug-03	Black Hair	Brown Eyes	Homosexual Characters	Secret Identity	Male Characters	Good Characters	Living Characters
\\/Julie_Power_(Earth-616)	Julie Power (Earth-616)	Aug-84	Strawberry Blond Hair	Blue Eyes	Pansexual Characters	Secret Identity	Female Characters	Good Characters	Living Characters
\\/Marlo_Chandler_(Earth-616)	Marlo Chandler (Earth-616)	Sep-88	Red Hair	Blue Eyes	Bisexual Characters	Public Identity	Female Characters	Good Characters	Living Characters
\\/William_Kaplan_(Earth-616)	William Kaplan (Earth-616)	Apr-05	Black Hair	Brown Eyes	Homosexual Characters	Secret Identity	Male Characters	Good Characters	Living Characters
\\/Doop_(Earth-616)	Doop (Earth-616)	Jul-01	Black Hair	Variable Eyes	Bisexual Characters	No Dual Identity	Male Characters	Good Characters	Living Characters
\\/David_Alleyne_(Earth-616)	David Alleyne (Earth-616)	Oct-03	Black Hair	Brown Eyes	Bisexual Characters	Secret Identity	Male Characters	Good Characters	Living Characters
\\/Miguel_Santos_(Earth-616)	Miguel Santos (Earth-616)	Oct-90	Black Hair	Brown Eyes	Homosexual Characters	Secret Identity	Male Characters	Good Characters	Living Characters
\\/Dorrek_VIII_(Earth-616)	Dorrek VIII (Earth-616)	Apr-05	Blond Hair	Blue Eyes	Homosexual Characters	Public Identity	Male Characters	Good Characters	Living Characters
\\/Victoria_Hand_(Earth-616)	Victoria Hand (Earth-616)	Feb-09	Black Hair	Hazel Eyes	Homosexual Characters	No Dual Identity	Female Characters	Neutral Characters	Deceased Characters
\\/Karolina_Dean_(Earth-616)	Karolina Dean (Earth-616)	Jul-03	Blond Hair	Blue Eyes	Homosexual Characters	Secret Identity	Female Characters	Good Characters	Living Characters
\\/Irene_Adler_(Earth-616)	Irene Adler (Earth-616)	Jan-81	Silver Hair	White Eyes	Bisexual Characters	Secret Identity	Female Characters	Neutral Characters	Deceased Characters
\\/Yukio_(Earth-616)	Yukio (Earth-616)	Sep-82	Black Hair	Brown Eyes	Bisexual Characters	No Dual Identity	Female Characters	Neutral Characters	Living Characters
\\/Jennifer_Kale_(Earth-616)	Jennifer Kale (Earth-616)	Dec-72	Blond Hair	Blue Eyes	Bisexual Characters	Secret Identity	Female Characters	Good Characters	Deceased Characters
\\/Brandon_Sharpe_(Earth-616)	Brandon Sharpe (Earth-616)	Aug-10	Black Hair	Brown Eyes	Homosexual Characters	Public Identity	Male Characters	Good Characters	Living Characters
\\/Max_Modell_(Earth-616)	Max Modell (Earth-616)	Jan-11	Red Hair	Blue Eyes	Homosexual Characters	Public Identity	Male Characters	Good Characters	Living Characters
\\/Phyla-Vell_(Earth-616)	Phyla-Vell (Earth-616)	Jan-04	White Hair	Blue Eyes	Homosexual Characters	Public Identity	Female Characters	Good Characters	Deceased Characters
\\/Deidre_Wentworth_(Earth-616)	Deidre Wentworth (Earth-616)	Jul-91	Black Hair	Blue Eyes	Homosexual Characters	Secret Identity	Female Characters	Bad Characters	Living Characters
\\/Jonas_Graymalkin_(Earth-616)	Jonas Graymalkin (Earth-616)	Jun-08	No Hair	White Eyes	Homosexual Characters	No Dual Identity	Male Characters	Good Characters	Living Characters
\\/Myles_Alfred_(Earth-616)	Myles Alfred (Earth-616)	Aug-01	Brown Hair	Brown Eyes	Homosexual Characters	Secret Identity	Male Characters	Good Characters	Deceased Characters
\\/Miranda_Leevald_(Earth-616)	Miranda Leevald (Earth-616)	Dec-01	Black Hair	Green Eyes	Bisexual Characters	Public Identity	Female Characters	Neutral Characters	Living Characters
\\/Sybil_Dvorak_(Earth-616)	Sybil Dvorak (Earth-616)	Jan-79	Brown Hair	Brown Eyes	Bisexual Characters	Secret Identity	Female Characters	Bad Characters	Living Characters
\\/Benjamin_Deeds_(Earth-616)	Benjamin Deeds (Earth-616)	Feb-13	Brown Hair	Brown Eyes	Homosexual Characters	No Dual Identity	Male Characters	Good Characters	Living Characters
\\/Val_Ventura_(Earth-616)	Val Ventura (Earth-616)	Jul-89	Brown Hair	Brown Eyes	Homosexual Characters	Secret Identity	Male Characters	Good Characters	Living Characters
\\/Amy_Chen_(Earth-616)	Amy Chen (Earth-616)	Jul-92	Black Hair	Black Eyes	Homosexual Characters	Secret Identity	Female Characters	Neutral Characters	Living Characters
\\/Xavin_(Earth-616)	Xavin (Earth-616)	Oct-05	Brown Hair	Brown Eyes	Genderfluid Characters	Secret Identity	Genderfluid Characters	Good Characters	Living Characters
\\/Sinclair_Abbott_(Earth-616)	Sinclair Abbott (Earth-616)	Feb-06	Blond Hair	Blue Eyes	Bisexual Characters	Secret Identity	Male Characters	Bad Characters	Deceased Characters
\\/Timothy_Cababa_(Earth-616)	Timothy Cababa (Earth-616)	Sep-10	Black Hair	Hazel Eyes	Homosexual Characters	Secret Identity	Male Characters	Good Characters	Living Characters
\\/Cullen_Bloodstone_(Earth-616)	Cullen Bloodstone (Earth-616)	Feb-13	Blond Hair	Green Eyes	Homosexual Characters	No Dual Identity	Male Characters	Neutral Characters	Living Characters
\\/Kyle_Jinadu_(Earth-616)	Kyle Jinadu (Earth-616)	Jun-09	Black Hair	Brown Eyes	Homosexual Characters	Public Identity	Male Characters	Good Characters	Living Characters
\\/Janice_Lincoln_(Earth-616)	Janice Lincoln (Earth-616)	Aug-10	Black Hair	Black Eyes	Bisexual Characters	Secret Identity	Female Characters	Neutral Characters	Living Characters
\\/Wally_Layton_(Earth-616)	Wally Layton (Earth-616)	Mar-12	Brown Hair	Grey Eyes	Homosexual Characters	No Dual Identity	Male Characters	Good Characters	Living Characters
\\/Heidi_Sladkin_(Earth-616)	Heidi Sladkin (Earth-616)	Sep-95	No Hair	Red Eyes	Homosexual Characters	Secret Identity	Female Characters	Good Characters	Living Characters
\\/Donald_Meland_(Earth-616)	Donald Meland (Earth-616)	Mar-12	Reddish Blond Hair	Hazel Eyes	Homosexual Characters	No Dual Identity	Male Characters	Good Characters	Living Characters
\\/Arnold_Astrovik_(Earth-616)	Arnold Astrovik (Earth-616)	Jul-75	Brown Hair	Hazel Eyes	Homosexual Characters	No Dual Identity	Male Characters	Neutral Characters	Deceased Characters
\\/Alana_Jobson_(Earth-616)	Alana Jobson (Earth-616)	Feb-08	Brown Hair	Green Eyes	Homosexual Characters	Secret Identity	Female Characters	Good Characters	Deceased Characters
\\/Hector_Baez_(Earth-616)	Hector Baez (Earth-616)	Mar-12	Brown Hair	Brown Eyes	Homosexual Characters	No Dual Identity	Male Characters	Good Characters	Living Characters
\\/Annabelle_Riggs_(Earth-616)	Annabelle Riggs (Earth-616)	Apr-13	Brown Hair	Blue Eyes	Homosexual Characters	Public Identity	Female Characters	Good Characters	Living Characters
\\/Charlie_Cluster-7_(Cluster)_(Earth-616)	Charlie Cluster-7 (Cluster) (Earth-616)	Feb-13	Black Hair	Blue Eyes	Bisexual Characters	Secret Identity	Female Characters	Good Characters	Living Characters
\\/Curtis_Doyle_(Earth-616)	Curtis Doyle (Earth-616)	Jul-06	Blond Hair	Black Eyes	Homosexual Characters	Public Identity	Male Characters	Good Characters	Deceased Characters
\\/Aundray_Phelps_(Earth-616)	Aundray Phelps (Earth-616)	Dec-91	Black Hair	Brown Eyes	Homosexual Characters	Secret Identity	Male Characters	Good Characters	Living Characters
\\/Luna_DePaula_(Earth-616)	Luna DePaula (Earth-616)	Jan-04	Brown Hair	Brown Eyes	Homosexual Characters	Public Identity	Female Characters	Good Characters	Living Characters
\\/Christian_Frost_(Earth-616)	Christian Frost (Earth-616)	Jun-03	Blond Hair	Blue Eyes	Homosexual Characters	Secret Identity	Male Characters	Neutral Characters	Living Characters
\\/Marcus_Roston_(Earth-616)	Marcus Roston (Earth-616)	Aug-11	Black Hair	Green Eyes	Homosexual Characters	Secret Identity	Male Characters	Bad Characters	Living Characters
\\/Catastrophe_Jen_(Earth-616)	Catastrophe Jen (Earth-616)	May-03	Brown Hair	Brown Eyes	Homosexual Characters	Public Identity	Female Characters	Bad Characters	Living Characters
\\/Rococo_(Earth-616)	Rococo (Earth-616)	May-11	Black Hair	Brown Eyes	Homosexual Characters	Secret Identity	Female Characters	Bad Characters	Living Characters
\\/Mickey_Tork_(Earth-616)	Mickey Tork (Earth-616)	Aug-01	Variable Hair	White Eyes	Homosexual Characters	Public Identity	Male Characters	Good Characters	Deceased Characters
\\/Renata_Da_Lima_(Earth-616)	Renata Da Lima (Earth-616)	Jul-02	Brown Hair	Brown Eyes	Homosexual Characters	Public Identity	Female Characters	Good Characters	Living Characters
\\/Xi%27an_Coy_Manh_(Earth-616)	Xi'an Coy Manh (Earth-616)	Dec-80	Black Hair	Brown Eyes	Homosexual Characters	Secret Identity	Female Characters	Good Characters	Living Characters
\\/Jazinda_Kl%27rt-Spawn_(Earth-616)	Jazinda Kl'rt-Spawn (Earth-616)	Dec-07	Black Hair	Green Eyes	Homosexual Characters	Secret Identity	Female Characters	Good Characters	Living Characters
\\/Aimee_(Clint_Barton%27s_neighbor)_(Earth-616)	Aimee (Clint Barton's neighbor) (Earth-616)	Oct-12	Pink Hair	Black Eyes	Homosexual Characters	No Dual Identity	Female Characters	Good Characters	Living Characters
