Natalia Romanova (Earth-616)	\\/Natalia_Romanova_(Earth-616)	Apr-64	Red Hair	Green Eyes	Bisexual Characters	Public Identity	Female Characters	Good Characters	Living Characters
Hercules (Earth-616)	\\/Hercules_(Earth-616)	Oct-65	Brown Hair	Blue Eyes	Bisexual Characters	No Dual Identity	Male Characters	Good Characters	Living Characters
Elizabeth Braddock (Earth-616)	\\/Elizabeth_Braddock_(Earth-616)	Dec-76	Purple Hair	Blue Eyes	Bisexual Characters	Secret Identity	Female Characters	Neutral Characters	Living Characters
Loki Laufeyson (Earth-616)	\\/Loki_Laufeyson_(Earth-616)	Aug-49	Black Hair	Green Eyes	Bisexual Characters	No Dual Identity	Genderfluid Characters	Neutral Characters	Living Characters
Deadpool (Wade Wilson)	\\/Deadpool_(Wade_Wilson)	Feb-91	Bald	Brown Eyes	Transvestites	Secret Identity	Male Characters	Neutral Characters	Living Characters
Raven Darkholme (Earth-616)	\\/Raven_Darkholme_(Earth-616)	Apr-78	Red Hair	Yellow Eyes	Bisexual Characters	Secret Identity	Female Characters	Bad Characters	Living Characters
Heather Douglas (Earth-616)	\\/Heather_Douglas_(Earth-616)	Jan-73	Bald	Blue Eyes	Bisexual Characters	Secret Identity	Female Characters	Good Characters	Living Characters
Jean-Paul Beaubier (Earth-616)	\\/Jean-Paul_Beaubier_(Earth-616)	Apr-79	Black Hair	Blue Eyes	Homosexual Characters	Secret Identity	Male Characters	Good Characters	Living Characters
Jonathan Clay (Earth-616)	\\/Jonathan_Clay_(Earth-616)	Aug-60	Red Hair	Blue Eyes	Homosexual Characters	Secret Identity	Male Characters	Good Characters	Living Characters
Julio Richter (Earth-616)	\\/Julio_Richter_(Earth-616)	Jun-87	Brown Hair	Brown Eyes	Homosexual Characters	Secret Identity	Male Characters	Good Characters	Living Characters
Akihiro (Earth-616)	\\/Akihiro_(Earth-616)	Oct-06	Black Hair	Blue Eyes	Bisexual Characters	Secret Identity	Male Characters	Bad Characters	Living Characters
Victor Borkowski (Earth-616)	\\/Victor_Borkowski_(Earth-616)	Aug-03	Black Hair	Brown Eyes	Homosexual Characters	Secret Identity	Male Characters	Good Characters	Living Characters
Julie Power (Earth-616)	\\/Julie_Power_(Earth-616)	Aug-84	Strawberry Blond Hair	Blue Eyes	Pansexual Characters	Secret Identity	Female Characters	Good Characters	Living Characters
Marlo Chandler (Earth-616)	\\/Marlo_Chandler_(Earth-616)	Sep-88	Red Hair	Blue Eyes	Bisexual Characters	Public Identity	Female Characters	Good Characters	Living Characters
William Kaplan (Earth-616)	\\/William_Kaplan_(Earth-616)	Apr-05	Black Hair	Brown Eyes	Homosexual Characters	Secret Identity	Male Characters	Good Characters	Living Characters
Doop (Earth-616)	\\/Doop_(Earth-616)	Jul-01	Black Hair	Variable Eyes	Bisexual Characters	No Dual Identity	Male Characters	Good Characters	Living Characters
David Alleyne (Earth-616)	\\/David_Alleyne_(Earth-616)	Oct-03	Black Hair	Brown Eyes	Bisexual Characters	Secret Identity	Male Characters	Good Characters	Living Characters
Miguel Santos (Earth-616)	\\/Miguel_Santos_(Earth-616)	Oct-90	Black Hair	Brown Eyes	Homosexual Characters	Secret Identity	Male Characters	Good Characters	Living Characters
Dorrek VIII (Earth-616)	\\/Dorrek_VIII_(Earth-616)	Apr-05	Blond Hair	Blue Eyes	Homosexual Characters	Public Identity	Male Characters	Good Characters	Living Characters
Victoria Hand (Earth-616)	\\/Victoria_Hand_(Earth-616)	Feb-09	Black Hair	Hazel Eyes	Homosexual Characters	No Dual Identity	Female Characters	Neutral Characters	Deceased Characters
Karolina Dean (Earth-616)	\\/Karolina_Dean_(Earth-616)	Jul-03	Blond Hair	Blue Eyes	Homosexual Characters	Secret Identity	Female Characters	Good Characters	Living Characters
Irene Adler (Earth-616)	\\/Irene_Adler_(Earth-616)	Jan-81	Silver Hair	White Eyes	Bisexual Characters	Secret Identity	Female Characters	Neutral Characters	Deceased Characters
Yukio (Earth-616)	\\/Yukio_(Earth-616)	Sep-82	Black Hair	Brown Eyes	Bisexual Characters	No Dual Identity	Female Characters	Neutral Characters	Living Characters
Jennifer Kale (Earth-616)	\\/Jennifer_Kale_(Earth-616)	Dec-72	Blond Hair	Blue Eyes	Bisexual Characters	Secret Identity	Female Characters	Good Characters	Deceased Characters
Brandon Sharpe (Earth-616)	\\/Brandon_Sharpe_(Earth-616)	Aug-10	Black Hair	Brown Eyes	Homosexual Characters	Public Identity	Male Characters	Good Characters	Living Characters
Max Modell (Earth-616)	\\/Max_Modell_(Earth-616)	Jan-11	Red Hair	Blue Eyes	Homosexual Characters	Public Identity	Male Characters	Good Characters	Living Characters
Phyla-Vell (Earth-616)	\\/Phyla-Vell_(Earth-616)	Jan-04	White Hair	Blue Eyes	Homosexual Characters	Public Identity	Female Characters	Good Characters	Deceased Characters
Deidre Wentworth (Earth-616)	\\/Deidre_Wentworth_(Earth-616)	Jul-91	Black Hair	Blue Eyes	Homosexual Characters	Secret Identity	Female Characters	Bad Characters	Living Characters
Jonas Graymalkin (Earth-616)	\\/Jonas_Graymalkin_(Earth-616)	Jun-08	No Hair	White Eyes	Homosexual Characters	No Dual Identity	Male Characters	Good Characters	Living Characters
Myles Alfred (Earth-616)	\\/Myles_Alfred_(Earth-616)	Aug-01	Brown Hair	Brown Eyes	Homosexual Characters	Secret Identity	Male Characters	Good Characters	Deceased Characters
Miranda Leevald (Earth-616)	\\/Miranda_Leevald_(Earth-616)	Dec-01	Black Hair	Green Eyes	Bisexual Characters	Public Identity	Female Characters	Neutral Characters	Living Characters
Sybil Dvorak (Earth-616)	\\/Sybil_Dvorak_(Earth-616)	Jan-79	Brown Hair	Brown Eyes	Bisexual Characters	Secret Identity	Female Characters	Bad Characters	Living Characters
Benjamin Deeds (Earth-616)	\\/Benjamin_Deeds_(Earth-616)	Feb-13	Brown Hair	Brown Eyes	Homosexual Characters	No Dual Identity	Male Characters	Good Characters	Living Characters
Val Ventura (Earth-616)	\\/Val_Ventura_(Earth-616)	Jul-89	Brown Hair	Brown Eyes	Homosexual Characters	Secret Identity	Male Characters	Good Characters	Living Characters
Amy Chen (Earth-616)	\\/Amy_Chen_(Earth-616)	Jul-92	Black Hair	Black Eyes	Homosexual Characters	Secret Identity	Female Characters	Neutral Characters	Living Characters
Xavin (Earth-616)	\\/Xavin_(Earth-616)	Oct-05	Brown Hair	Brown Eyes	Genderfluid Characters	Secret Identity	Genderfluid Characters	Good Characters	Living Characters
Sinclair Abbott (Earth-616)	\\/Sinclair_Abbott_(Earth-616)	Feb-06	Blond Hair	Blue Eyes	Bisexual Characters	Secret Identity	Male Characters	Bad Characters	Deceased Characters
Timothy Cababa (Earth-616)	\\/Timothy_Cababa_(Earth-616)	Sep-10	Black Hair	Hazel Eyes	Homosexual Characters	Secret Identity	Male Characters	Good Characters	Living Characters
Cullen Bloodstone (Earth-616)	\\/Cullen_Bloodstone_(Earth-616)	Feb-13	Blond Hair	Green Eyes	Homosexual Characters	No Dual Identity	Male Characters	Neutral Characters	Living Characters
Kyle Jinadu (Earth-616)	\\/Kyle_Jinadu_(Earth-616)	Jun-09	Black Hair	Brown Eyes	Homosexual Characters	Public Identity	Male Characters	Good Characters	Living Characters
Janice Lincoln (Earth-616)	\\/Janice_Lincoln_(Earth-616)	Aug-10	Black Hair	Black Eyes	Bisexual Characters	Secret Identity	Female Characters	Neutral Characters	Living Characters
Wally Layton (Earth-616)	\\/Wally_Layton_(Earth-616)	Mar-12	Brown Hair	Grey Eyes	Homosexual Characters	No Dual Identity	Male Characters	Good Characters	Living Characters
Heidi Sladkin (Earth-616)	\\/Heidi_Sladkin_(Earth-616)	Sep-95	No Hair	Red Eyes	Homosexual Characters	Secret Identity	Female Characters	Good Characters	Living Characters
Donald Meland (Earth-616)	\\/Donald_Meland_(Earth-616)	Mar-12	Reddish Blond Hair	Hazel Eyes	Homosexual Characters	No Dual Identity	Male Characters	Good Characters	Living Characters
Arnold Astrovik (Earth-616)	\\/Arnold_Astrovik_(Earth-616)	Jul-75	Brown Hair	Hazel Eyes	Homosexual Characters	No Dual Identity	Male Characters	Neutral Characters	Deceased Characters
Alana Jobson (Earth-616)	\\/Alana_Jobson_(Earth-616)	Feb-08	Brown Hair	Green Eyes	Homosexual Characters	Secret Identity	Female Characters	Good Characters	Deceased Characters
Hector Baez (Earth-616)	\\/Hector_Baez_(Earth-616)	Mar-12	Brown Hair	Brown Eyes	Homosexual Characters	No Dual Identity	Male Characters	Good Characters	Living Characters
Annabelle Riggs (Earth-616)	\\/Annabelle_Riggs_(Earth-616)	Apr-13	Brown Hair	Blue Eyes	Homosexual Characters	Public Identity	Female Characters	Good Characters	Living Characters
Charlie Cluster-7 (Cluster) (Earth-616)	\\/Charlie_Cluster-7_(Cluster)_(Earth-616)	Feb-13	Black Hair	Blue Eyes	Bisexual Characters	Secret Identity	Female Characters	Good Characters	Living Characters
Curtis Doyle (Earth-616)	\\/Curtis_Doyle_(Earth-616)	Jul-06	Blond Hair	Black Eyes	Homosexual Characters	Public Identity	Male Characters	Good Characters	Deceased Characters
Aundray Phelps (Earth-616)	\\/Aundray_Phelps_(Earth-616)	Dec-91	Black Hair	Brown Eyes	Homosexual Characters	Secret Identity	Male Characters	Good Characters	Living Characters
Luna DePaula (Earth-616)	\\/Luna_DePaula_(Earth-616)	Jan-04	Brown Hair	Brown Eyes	Homosexual Characters	Public Identity	Female Characters	Good Characters	Living Characters
Christian Frost (Earth-616)	\\/Christian_Frost_(Earth-616)	Jun-03	Blond Hair	Blue Eyes	Homosexual Characters	Secret Identity	Male Characters	Neutral Characters	Living Characters
Marcus Roston (Earth-616)	\\/Marcus_Roston_(Earth-616)	Aug-11	Black Hair	Green Eyes	Homosexual Characters	Secret Identity	Male Characters	Bad Characters	Living Characters
Catastrophe Jen (Earth-616)	\\/Catastrophe_Jen_(Earth-616)	May-03	Brown Hair	Brown Eyes	Homosexual Characters	Public Identity	Female Characters	Bad Characters	Living Characters
Rococo (Earth-616)	\\/Rococo_(Earth-616)	May-11	Black Hair	Brown Eyes	Homosexual Characters	Secret Identity	Female Characters	Bad Characters	Living Characters
Mickey Tork (Earth-616)	\\/Mickey_Tork_(Earth-616)	Aug-01	Variable Hair	White Eyes	Homosexual Characters	Public Identity	Male Characters	Good Characters	Deceased Characters
Renata Da Lima (Earth-616)	\\/Renata_Da_Lima_(Earth-616)	Jul-02	Brown Hair	Brown Eyes	Homosexual Characters	Public Identity	Female Characters	Good Characters	Living Characters
Xi'an Coy Manh (Earth-616)	\\/Xi%27an_Coy_Manh_(Earth-616)	Dec-80	Black Hair	Brown Eyes	Homosexual Characters	Secret Identity	Female Characters	Good Characters	Living Characters
Jazinda Kl'rt-Spawn (Earth-616)	\\/Jazinda_Kl%27rt-Spawn_(Earth-616)	Dec-07	Black Hair	Green Eyes	Homosexual Characters	Secret Identity	Female Characters	Good Characters	Living Characters
Aimee (Clint Barton's neighbor) (Earth-616)	\\/Aimee_(Clint_Barton%27s_neighbor)_(Earth-616)	Oct-12	Pink Hair	Black Eyes	Homosexual Characters	No Dual Identity	Female Characters	Good Characters	Living Characters
