method,number,orbital_period,mass,distance,year
Transit,1,2.243752,,,2008
Radial Velocity,1,225.7,,29.94,2010
Radial Velocity,1,6.1335,2.13,,2005
Radial Velocity,1,663.0,3.3,115.47,2009
Radial Velocity,2,567.0,,,2009
Transit,1,1.7635892,,,2011
Radial Velocity,1,,3.0,46.93,2002
Radial Velocity,2,8.1256,,26.21,2011
Radial Velocity,1,4885.0,3.1,189.39,2009
Radial Velocity,1,423.841,,18.24,2000
Radial Velocity,1,711.0,6.54,66.49,2005
Transit,3,85.312,,,2012
Eclipse Timing Variations,1,2900.0,,,2011
Transit,2,10.95416,,339.0,2013
Radial Velocity,1,392.6,,,2011
Radial Velocity,4,5.36874,,,2005
Transit,1,1.7635892,,,2011
Radial Velocity,2,3.8728,0.027,20.1,2013
Radial Velocity,1,1096.2,0.168,,2011
Radial Velocity,1,1057.0,3.12,59.35,2008
Transit,2,0.853585,,150.0,2009
Transit,1,4.086052,,380.0,2012
Transit,1,2.9444256,,,2010
Radial Velocity,1,359.5546,10.57,49.0,2007
Transit,5,6.098493,,,2011
Radial Velocity,1,1117.0,1.16,56.18,2010
Transit,5,122.3874,,,2013
Radial Velocity,1,1136.1,,62.11,2002
Transit,1,2.810595,,193.0,2011
Transit,3,27.50868,,,2013
Transit,1,2.7817387,,170.0,2012
Transit,1,1.5373653,,450.0,2011
Radial Velocity,1,3.416,,,2004
Radial Velocity,1,356.0,,131.41,2009
Transit,4,43.8445,,,2014
Radial Velocity,1,1561.0,7.71,,2003
Radial Velocity,1,4.9437,,40.73,2002
Transit,2,,,,2013
Radial Velocity,2,14.182,,28.6,2011
Transit,1,6.871815,,110.0,2010
Transit,1,2.899736,,138.0,2007
Radial Velocity,2,4270.0,,19.72,2005
Transit,3,5.859944,,,2012
Radial Velocity,1,952.7,,97.18,2008
Radial Velocity,6,197.8,0.0223,,2012
Radial Velocity,1,1125.7,,121.36,2008
Radial Velocity,1,111.4357,,29.04,2001
Radial Velocity,6,16.3567,,39.39,2010
Transit,1,2.4238039,,,2011
Radial Velocity,1,526.62,1.56,,2007
Radial Velocity,1,4218.0,1.88,45.52,2009
Radial Velocity,1,386.3,,34.57,2003
Radial Velocity,1,4951.0,,42.77,2012
Transit,1,4.1137912,,124.22,2012
Orbital Brightness Modulation,2,0.342887,,1180.0,2011
Radial Velocity,1,1244.0,0.38,,2009
Radial Velocity,1,2.64561,,,2010
Radial Velocity,2,2500.0,,,2008
Transit,1,2.875317,,70.0,2010
Transit,1,4.3176782,,120.0,2010
Radial Velocity,1,3630.0,,36.36,2012
Transit,1,105.599,,600.0,2012
Radial Velocity,1,890.76,1.79,48.95,2004
Transit,1,5.452654,,257.0,2011
Radial Velocity,6,7.2004,0.018,6.8,2011
Transit,2,24.806,,,2013
Radial Velocity,1,187.83,,84.03,2012
Radial Velocity,2,188.9,,94.61,2002
Radial Velocity,1,,,112.23,2011
Radial Velocity,2,19.382,0.865,,2013
Radial Velocity,1,615.0,,35.88,2011
Transit,1,4.086052,,,2012
Transit,3,29.33434,,1400.0,2012
Microlensing,1,,,,2010
Radial Velocity,1,387.1,,168.92,2011
Transit,1,3.5327313,,,2010
Radial Velocity,4,61.1166,,4.7,1998
Radial Velocity,1,479.0,1.6,114.55,2009
Transit,1,3.408821,,,2010
Radial Velocity,2,572.4,1.26,35.59,2003
Transit,1,228.776,,61.0,2011
Radial Velocity,1,18.20163,,37.35,1999
Radial Velocity,1,4.230785,0.472,,1995
Eclipse Timing Variations,1,2900.0,,,2011
Radial Velocity,1,1251.0,,31.12,2007
Radial Velocity,1,963.0,2.54,43.03,2004
Transit,1,1.51214,,1340.0,2010
Transit,2,5.4122,,,2013
Radial Velocity,1,1096.2,,,2011
Transit,2,13.485,,,2012
Transit,2,7.053,,,2012
Radial Velocity,2,345.72,1.42,44.8,2009
Transit,2,24.806,,,2013
Microlensing,1,,,2800.0,2012
Transit,1,4.640382,,249.0,2012
Transit,1,4.187757,,260.0,2008
Radial Velocity,1,123.0,,43.99,2004
Transit,1,4.353011,,155.0,2009
Eclipse Timing Variations,1,4343.5,,,2012
Radial Velocity,1,1800.0,,,2008
Radial Velocity,3,962.0,0.64,,2008
Radial Velocity,1,,6.8,42.77,2012
Transit,2,7.8773565,,,2012
Radial Velocity,1,,18.37,,2003
Radial Velocity,1,610.0,2.2,170.07,2009
Radial Velocity,1,2819.654,9.17,54.71,2002
Radial Velocity,1,2754.0,,,2009
Transit,1,1.2198669,,,2010
Transit,1,2.152226,,147.0,2007
Transit,1,1.9000693,,870.0,2011
Transit,1,105.599,,600.0,2012
Transit,2,12.883,,,2012
Radial Velocity,1,1260.0,3.06,53.05,2008
Radial Velocity,1,103.95,,55.19,2008
Transit,1,2.7033904,,178.0,2013
Radial Velocity,1,133.71,,17.62,2000
Transit,1,1.212884,,393.0,2010
Radial Velocity,1,323.6,,,2008
Eclipse Timing Variations,2,1916.25,,,2011
Transit,2,10.5016,,,2012
Radial Velocity,1,137.48,1.11,175.44,2013
Radial Velocity,1,2496.0,,55.01,2009
Radial Velocity,6,,,,2011
Radial Velocity,2,937.7,1.24,,2003
Transit,2,6.48163,,,2014
Transit,5,5.714932,,368.0,2013
Radial Velocity,1,17337.5,9.0,23.98,2009
Radial Velocity,2,191.99,0.101,38.64,2011
Radial Velocity,2,,8.02,37.88,1998
Transit,2,7.1073,,800.0,2011
Radial Velocity,4,,,6.27,2005
Microlensing,1,,,,2008
Transit,2,71.312,,,2013
Radial Velocity,1,,,,2012
Radial Velocity,1,2.817822,0.38,35.8,2005
Imaging,1,,,,2006
Radial Velocity,1,111.4357,,29.04,2001
Transit,7,331.60059,,780.0,2013
Transit,1,3.35524,,,2010
Transit,1,4.641878,,447.0,2012
Radial Velocity,2,931.0,5.13,66.89,2013
Radial Velocity,1,,,21.3,2010
Radial Velocity,1,528.4,,,2003
Radial Velocity,3,603.0,,,2013
Pulsar Timing,3,98.2114,,,1994
Radial Velocity,1,989.2,,,2006
Transit,1,5.723186,,322.0,2011
Transit,6,13.0241,,,2010
Transit,1,2.47063,,,2006
Radial Velocity,1,615.0,,35.88,2011
Radial Velocity,1,3.2357,,1.35,2012
Radial Velocity,1,1475.0,,,2009
Transit,1,1.4857108,,800.0,2011
Transit,2,23.654,,,2013
Radial Velocity,1,2063.818,10.35,18.21,2001
Transit,2,10.5016,,,2012
Transit,1,1.217514,,262.0,2012
Radial Velocity,1,3.48777,,80.0,2000
Radial Velocity,1,22.09,0.48,40.32,2003
Radial Velocity,1,21.21663,,78.25,2007
Radial Velocity,1,465.1,,,2009
Radial Velocity,6,51.76,0.0164,12.83,2012
Orbital Brightness Modulation,2,0.342887,,1180.0,2011
Radial Velocity,1,55.806,0.186,20.82,2009
Transit,3,,,,2010
Radial Velocity,3,11.577,,,2011
Radial Velocity,4,5.36874,0.049,6.27,2005
Microlensing,1,1970.0,,,2010
Transit,1,4.617101,,255.0,2012
Radial Velocity,1,501.75,,,2009
Radial Velocity,2,58.11289,,37.88,1998
Radial Velocity,1,2.8758911,,78.86,2005
Radial Velocity,1,663.0,3.3,115.47,2009
Transit,2,10.338523,,90.0,2010
Radial Velocity,1,2819.654,,54.71,2002
Radial Velocity,1,358.0,,32.62,2009
Transit,2,50.447,,,2013
Transit,1,10.863502,,190.0,2010
Transit,1,1.72086123,,,2014
Radial Velocity,5,4909.0,3.53,12.53,2002
Radial Velocity,5,14.651,,,1996
Transit,2,4.72674,,,2014
Radial Velocity,6,49.747,,39.39,2010
Microlensing,1,,,2300.0,2012
Radial Velocity,3,2391.0,,14.08,2001
Transit,1,3.024095,,1950.0,2011
Radial Velocity,2,25.648,0.027,52.03,2013
Transit,1,6.790123,,980.0,2011
Radial Velocity,1,176.3,,126.1,2010
Radial Velocity,1,326.03,19.4,110.62,2007
Transit,1,1.30618581,,228.0,2007
Transit,1,2.9444256,,,2010
Radial Velocity,2,33.823,0.0422,43.08,2011
Radial Velocity,1,297.3,,127.55,2007
Transit,6,118.3807,,613.0,2010
Radial Velocity,1,792.6,,58.17,2012
Radial Velocity,1,2288.0,0.82,,2009
Transit,4,4.7779803,,,2012
Transit,5,16.1457,,,2013
Radial Velocity,1,6.276,1.9,58.82,2001
Transit,1,6.24658,,,2013
Radial Velocity,1,990.0,,59.84,2009
Orbital Brightness Modulation,2,0.240104,,,2011
Radial Velocity,1,380.85,,44.5,2008
Radial Velocity,2,452.8,1.99,,2010
Radial Velocity,2,1022.0,,,2011
Radial Velocity,2,342.85,,32.58,2008
Transit,2,23.654,,,2013
Transit,2,0.837495,,,2011
Microlensing,1,,,,2013
Radial Velocity,1,396.03,,131.75,2010
Transit,1,,,,2013
Transit,2,9.37647,,,2012
Transit,1,2.46502,,,2014
Transit,2,34.921,,,2013
Transit,1,4.2,,8500.0,2006
Transit,2,15.3348,,,2011
Transit,1,3.54387,,,2012
Transit Timing Variations,3,,,,2014
Imaging,1,,,,2007
Transit,5,3.6961219,,,2011
Radial Velocity,2,1275.0,1.11,,2011
Radial Velocity,4,241.258,,13.47,1999
Radial Velocity,1,157.57,,140.85,2011
Radial Velocity,1,103.95,,55.19,2008
Transit,2,42.994,,,2013
Radial Velocity,1,122.1,,9.24,2010
Transit,1,4.1591399,,200.0,2012
Radial Velocity,2,3.93,0.017,43.53,2009
Transit,1,1.30618581,,,2007
Radial Velocity,1,,,53.05,2008
Transit,1,3.030065,,152.3,2004
Transit,1,2.77596,,235.0,2010
Radial Velocity,1,,,35.0,2002
Radial Velocity,1,2496.0,,55.01,2009
Transit,1,4.457243,,501.0,2012
Radial Velocity,4,643.25,,15.28,2000
Radial Velocity,1,442.1,,21.29,1998
Radial Velocity,2,1945.0,0.622,33.98,2005
Transit,1,9.20205,,,2008
Radial Velocity,1,689.0,,182.82,2011
Transit,1,2.150008,,283.0,2011
Transit,1,9.20205,,,2008
Radial Velocity,2,237.6,,42.09,2009
Transit,1,1.72086123,,,2014
Radial Velocity,1,1290.0,7.8,67.02,2009
Transit,1,3.257215,,395.0,2011
Transit,7,91.93913,,780.0,2013
Transit,1,0.813475,,80.0,2011
Radial Velocity,3,106.72,,14.56,2011
Radial Velocity,1,49.77,,22.09,2009
Radial Velocity,3,2473.0,8.06,64.56,2003
Radial Velocity,1,5.8872,0.04,22.04,2011
Transit,1,2.3114243,,310.0,2013
Radial Velocity,1,1057.0,,59.35,2008
Radial Velocity,3,11.577,,14.56,2011
Radial Velocity,2,3810.0,1.99,47.92,1999
Transit,1,288.822,,,2011
Radial Velocity,1,,,56.05,2010
Radial Velocity,2,5000.0,,25.65,2009
Transit,1,4.954658,,,2008
Radial Velocity,1,2097.0,3.0,85.18,2009
Radial Velocity,2,520.0,,,2008
Radial Velocity,2,2140.2,,42.43,2000
Radial Velocity,1,2231.0,2.0,28.76,2003
Radial Velocity,1,136.75,,62.66,2007
Transit,2,33.60134,,,2012
Radial Velocity,2,923.8,,16.57,2005
Radial Velocity,5,4909.0,,12.53,2002
Transit,5,10.854092,,290.0,2011
Radial Velocity,3,38.021,0.057,,2009
Transit,1,2.17517632,,550.0,2012
Radial Velocity,1,591.9,1.9,36.02,2006
Transit,1,1.4857108,,800.0,2011
Radial Velocity,2,621.99,12.47,,2009
Transit,5,5.66793,,,2011
Radial Velocity,4,66.8,,6.27,2005
Radial Velocity,4,30.0881,,4.7,2000
Transit,1,,,1000.0,2012
Transit,2,12.0717249,,,2012
Transit,1,4.411953,,160.0,2012
Radial Velocity,1,1117.0,,,2010
Transit,1,,,,2010
Radial Velocity,1,1145.0,0.67,64.98,2007
Transit,5,2.896,,303.0,2012
Transit,5,22.7802,,,2012
Transit,5,10.3117,,,2014
Radial Velocity,3,59.519,,26.91,2011
Radial Velocity,2,6005.0,5.3,25.64,2012
Transit,1,2.810595,,,2011
Transit,6,,,613.0,2010
Transit,3,8.13123,,,2012
Radial Velocity,3,2831.6,,47.3,2012
Transit,1,4.2,,,2006
Radial Velocity,1,2.391,,76.51,2009
Radial Velocity,1,,,,2003
Transit,1,4.885525,,,2009
Radial Velocity,1,1773.4,4.64,18.15,2002
Transit,1,0.94145299,,105.49,2009
Radial Velocity,1,4218.0,,45.52,2009
Radial Velocity,2,1353.6,,37.84,2008
Radial Velocity,2,937.7,1.24,,2003
Transit,1,4.055259,,,2011
Radial Velocity,3,346.6,0.396,64.56,2007
Transit,1,2.4238039,,,2011
Transit,2,242.4613,,,2013
Radial Velocity,2,17.1,0.057,15.89,2005
Radial Velocity,1,2.245715,,52.72,2005
Transit,1,2.7566004,,,2010
Transit,2,10.338523,,90.0,2010
Transit,5,21.77596,,,2011
Transit,1,0.78884,,250.0,2009
Radial Velocity,2,1275.0,,38.52,2011
Radial Velocity,1,,1.7,140.85,2011
Radial Velocity,1,420.77,1.7,,2007
Transit,2,5.955,,,2012
Radial Velocity,6,4.3123,0.0126,,2008
Microlensing,1,3600.0,,,2005
Pulsar Timing,3,25.262,,,1992
Transit,1,3.577469,,,2010
Radial Velocity,2,2720.0,,,2012
Radial Velocity,1,589.64,,10.34,2006
Transit,1,2.243752,,160.0,2008
Transit,5,5.66793,,,2011
Transit,1,4.3050011,,,2012
Radial Velocity,1,4.6455,,24.05,2010
Imaging,1,,,,2005
Radial Velocity,4,61.1166,,4.7,1998
Radial Velocity,1,4.230785,0.472,15.36,1995
Radial Velocity,1,143.58,0.37,,2005
Transit,1,2.4855335,,,2008
Transit,1,5.35227,,840.0,2011
Transit,3,5.398763,,135.0,2012
Radial Velocity,1,1260.0,,53.05,2008
Radial Velocity,1,111.7,2.1,14.9,2009
Radial Velocity,1,,,115.47,2009
Radial Velocity,4,643.25,,15.28,2000
Radial Velocity,1,3.0925,0.95,27.05,2000
Radial Velocity,1,1845.0,0.91,8.77,2006
Transit,2,20.8613,,2100.0,2011
Imaging,1,,,,2008
Transit,2,11.6092567,,,2012
Radial Velocity,5,44.38,0.165,12.53,2004
Transit,1,2.785755,,108.0,2011
Radial Velocity,1,1114.0,0.95,,2002
Radial Velocity,1,3724.7,1.45,,2011
Transit,5,,,,2011
Radial Velocity,1,36.96,2.49,93.2,2007
Imaging,1,,,,2013
Transit,1,4.457243,,501.0,2012
Transit,5,31.7844,,,2011
Transit,5,2.896,,303.0,2012
Eclipse Timing Variations,2,1916.25,,,2011
Transit,2,,,,2012
Transit,2,13.2907,,1400.0,2011
Transit,4,43.8445,,,2014
Transit,5,10.854092,,290.0,2011
Transit,2,7.2037945,,,2012
Radial Velocity,1,3630.0,,36.36,2012
Transit,3,12.7204,,,2011
Radial Velocity,2,1657.0,0.71,,2010
Transit,1,3.1606296,,1200.0,2013
Transit,1,4.1591399,,200.0,2012
Radial Velocity,1,227.0,1.8,44.15,2002
Radial Velocity,1,3638.0,6.9,43.57,2012
Radial Velocity,1,572.38,,41.95,1999
Transit,2,17.849,,,2013
Transit,1,2.7033904,,,2013
Microlensing,1,,,2300.0,2012
Transit,5,10.854092,,,2011
Radial Velocity,1,2.64561,,19.8,2010
Radial Velocity,1,305.5,20.6,92.51,2013
Imaging,4,170000.0,,39.94,2008
Transit,2,17.324,,,2013
Transit,1,4.2,,8500.0,2006
Transit,2,17.324,,,2013
Radial Velocity,1,738.459,,34.6,2001
Radial Velocity,2,37.91,0.0788,,2008
Imaging,1,,,145.0,2008
Transit,1,3.408821,,,2010
Radial Velocity,1,3724.7,,48.43,2011
Transit,1,5.723186,,322.0,2011
Radial Velocity,1,3827.0,0.48,20.48,2014
Transit,1,3.257215,,395.0,2011
Transit,1,5.6334729,,135.32,2007
Transit,1,1.72086123,,1056.0,2014
Radial Velocity,2,7.2825,0.0087,21.52,2011
Radial Velocity,1,177.11,7.6,150.6,2011
Transit,1,2.204737,,320.0,2008
Imaging,1,,,40.85,2006
Radial Velocity,1,354.8,,55.93,2007
Microlensing,2,,,4080.0,2012
Transit,4,3.743208,,,2013
Radial Velocity,4,30.0881,0.7142,4.7,2000
Radial Velocity,1,655.6,,37.54,2008
Radial Velocity,2,44.236,2.12,42.68,2009
Transit,2,22.804,,,2013
Transit,1,5.452654,,257.0,2011
Imaging,1,,,40.85,2006
Radial Velocity,1,420.77,,50.0,2007
Transit,1,4.641878,,447.0,2012
Radial Velocity,1,431.88,,77.82,2001
Radial Velocity,1,326.03,,110.62,2007
Transit,1,4.055259,,,2011
Radial Velocity,2,263.3,,,2010
Radial Velocity,2,248.4,1.9,68.59,2013
Radial Velocity,6,20.432,,12.83,2008
Radial Velocity,2,4970.0,,17.99,2010
Radial Velocity,1,187.83,,,2012
Radial Velocity,2,1046.0,,,2011
Transit,1,2.7817387,,170.0,2012
Transit,1,8.884924,,,2013
Transit,1,66.262,,,2014
Transit,1,1.62843142,,300.0,2008
Transit,1,2.7817387,,170.0,2012
Radial Velocity,1,20.8133,0.172,42.0,2005
Transit,2,42.1516418,,,2012
Transit,1,68.9584,,,2014
Radial Velocity,1,951.0,,40.75,2001
Transit,1,9.24285,,1230.0,2011
Transit,2,4.62332,,,2014
Radial Velocity,2,7.8543,,56.92,2013
Transit,1,3.024095,,1950.0,2011
Transit,1,131.458,,,2011
Radial Velocity,1,677.8,19.8,,2007
Imaging,1,,,139.0,2004
Orbital Brightness Modulation,2,0.240104,,,2011
Radial Velocity,1,1630.0,,56.31,2012
Radial Velocity,1,6.1335,,,2005
Radial Velocity,1,,1.56,44.05,2007
Transit,2,11.6092567,,,2012
Radial Velocity,3,2473.0,8.06,64.56,2003
Transit,1,3.234723,,,2009
Transit,1,5.508023,,166.0,2010
Microlensing,1,3500.0,,,2005
Transit,5,8.7522,,303.0,2011
Radial Velocity,1,356.0,2.3,131.41,2009
Radial Velocity,1,2890.0,11.0,,2011
Imaging,1,,,91.57,2013
Transit,1,3.474474,,387.0,2011
Radial Velocity,1,,,130.89,2011
Radial Velocity,1,677.8,19.8,,2007
Transit,1,8.884924,,1140.0,2013
Transit,2,303.137,,1500.0,2012
Microlensing,1,,,,2011
Transit,4,23.9802,,,2014
Radial Velocity,1,417.9,,70.42,2012
Transit,1,1.51214,,1340.0,2010
Radial Velocity,3,197.0,0.058,12.58,2006
Transit,3,35.3331,,,2014
Radial Velocity,1,1523.0,2.6,,2009
Radial Velocity,1,1155.0,,21.92,2005
Radial Velocity,3,33.941,0.0162,25.59,2011
Transit,3,1.592851,,650.0,2010
Transit,1,11.5231,,,2014
Radial Velocity,1,14.275,,17.72,2011
Radial Velocity,1,26.73,,94.07,2006
Radial Velocity,1,578.2,,,2012
Radial Velocity,1,2.64385,,10.23,2004
Transit,7,331.60059,,780.0,2013
Radial Velocity,1,6.838,,47.37,2006
Transit,1,4.1137912,,124.22,2012
Transit,1,2.99433,,560.0,2010
Radial Velocity,1,48.056,,51.26,2005
Radial Velocity,1,70.46,,,2005
Radial Velocity,6,7.2004,0.018,6.8,2011
Radial Velocity,2,937.7,,28.04,2003
Radial Velocity,1,526.62,1.56,44.05,2007
Transit,5,6.098493,,290.0,2011
Radial Velocity,2,2140.2,13.38,42.43,2000
Radial Velocity,3,962.0,0.64,26.15,2008
Transit,7,59.73667,,780.0,2013
Radial Velocity,1,2.64385,,10.23,2004
Radial Velocity,1,68.27,0.77,,2010
Radial Velocity,2,1657.0,,,2010
Radial Velocity,6,602.0,,39.39,2010
Radial Velocity,1,615.0,0.29,35.88,2011
Radial Velocity,1,297.3,,127.55,2007
Radial Velocity,1,3999.0,1.9,50.45,2011
Transit,1,2.150008,,283.0,2011
Radial Velocity,1,3383.0,3.15,,2002
Transit,1,3.89713,,,2011
Radial Velocity,1,,9.17,54.71,2002
Imaging,1,,,,2013
Radial Velocity,1,890.76,,48.95,2004
Radial Velocity,2,103.49,,26.21,2011
Transit,5,22.7802,,303.0,2012
Radial Velocity,1,5.118,0.4,,2014
Radial Velocity,1,4100.0,,20.03,2013
Radial Velocity,1,466.0,0.5,53.82,2010
Radial Velocity,1,647.3,,221.24,2011
Transit,1,228.776,,,2011
Transit,5,19.57706,,290.0,2011
Transit,1,4.03519,,1060.0,2010
Radial Velocity,2,4.0845,,37.84,2008
Radial Velocity,3,18.315,,6.06,2011
Radial Velocity,1,5.3978,0.029,16.82,2008
Transit,1,6.87349,,2700.0,2010
Transit,2,8.1453,,1200.0,2011
Radial Velocity,2,152.6,0.17,,2011
Microlensing,1,,,1760.0,2013
Transit,2,38.5583038,,,2012
Radial Velocity,1,6.495,0.96,121.07,2010
Radial Velocity,2,621.99,12.47,,2009
Transit,2,26.723,,,2013
Radial Velocity,1,1299.0,1.9,106.38,2011
Transit,5,10.3117,,,2014
Radial Velocity,4,30.0881,,4.7,2000
Radial Velocity,2,2102.0,,36.32,2003
Radial Velocity,2,345.72,,44.8,2009
Radial Velocity,1,2231.0,2.0,28.76,2003
Radial Velocity,1,842.0,0.75,55.1,2009
Radial Velocity,1,1845.0,0.91,8.77,2006
Transit,2,7.1073,,,2011
Transit,1,,,249.0,2012
Transit,4,43.8445,,,2014
Transit,1,3.0927616,,90.0,2008
Radial Velocity,1,1075.2,6.21,32.56,1999
Eclipse Timing Variations,2,5573.55,,,2010
Radial Velocity,4,9.6386,,15.28,2004
Microlensing,1,3600.0,,,2005
Radial Velocity,1,1773.4,,18.15,2002
Transit,1,4.124481,,,2010
Radial Velocity,1,9.494,,21.3,2010
Radial Velocity,1,5.7361,,41.27,2012
Transit,1,5.35227,,840.0,2011
Pulsar Timing,3,66.5419,,,1992
Radial Velocity,2,191.99,,38.64,2011
Radial Velocity,1,993.3,10.3,73.1,2008
Transit,1,9.20205,,,2008
Transit,2,7.053,,,2012
Radial Velocity,2,572.4,,,2003
Radial Velocity,1,842.0,0.75,55.1,2009
Radial Velocity,2,19.382,,66.89,2013
Transit,2,12.0717249,,,2012
Radial Velocity,3,2473.0,,64.56,2003
Imaging,1,,,120.0,2013
Radial Velocity,1,311.288,1.94,17.24,1999
Radial Velocity,2,1657.0,0.71,15.71,2010
Radial Velocity,2,19.382,0.865,,2013
Radial Velocity,2,14.3098,0.839,42.43,2000
Radial Velocity,1,1290.0,,,2009
Radial Velocity,3,123.01,,8.52,2009
Radial Velocity,1,6.1335,,,2005
Radial Velocity,2,,7.0,121.36,2008
Radial Velocity,1,2597.0,,33.01,2004
Radial Velocity,1,738.459,2.61,34.6,2001
Radial Velocity,1,677.8,,,2007
Radial Velocity,1,,,33.41,2000
Radial Velocity,1,356.0,2.3,131.41,2009
Radial Velocity,5,261.2,,,2007
Transit,2,5.005425,,354.0,2011
Radial Velocity,1,1475.0,,72.57,2009
Radial Velocity,1,696.3,10.7,,2009
Radial Velocity,1,331.5,,59.28,2009
Radial Velocity,1,653.22,,33.46,2002
Radial Velocity,1,325.81,,32.32,2000
Transit,1,0.813475,,80.0,2011
Transit,2,15.3348,,,2011
Microlensing,2,1825.0,,,2008
Radial Velocity,1,711.0,6.54,,2005
Radial Velocity,5,261.2,0.172,,2007
Radial Velocity,1,763.0,2.6,,2011
Transit,3,,,,2011
Radial Velocity,1,9.6737,,27.45,2009
Radial Velocity,1,500.0,1.07,27.13,2002
Radial Velocity,2,441.47,,27.46,2003
Radial Velocity,2,58.11289,,37.88,1998
Transit,1,3.408821,,,2010
Radial Velocity,6,49.747,,39.39,2010
Transit,2,16.3850021,,,2012
Transit,2,49.532,,1500.0,2012
Imaging,1,,,11.43,2010
Radial Velocity,1,423.841,1.28,18.24,2000
Eclipse Timing Variations,2,1916.25,,,2011
Radial Velocity,1,572.38,7.75,41.95,1999
Radial Velocity,2,53.881,0.06472,32.31,2011
Radial Velocity,1,3668.0,4.01,46.51,2006
Transit,2,26.444,,,2012
Transit,5,12.4417,,,2013
Microlensing,1,,,3600.0,2013
Radial Velocity,1,1159.2,,,2009
Transit,2,42.6318,,,2011
Transit,1,,,1340.0,2010
Radial Velocity,1,1544.0,,,2011
Transit,2,17.849,,,2013
Radial Velocity,2,1314.0,,69.44,2010
Transit,7,124.9144,,,2013
Transit,1,1.354133,,360.0,2013
Radial Velocity,1,3.2357,0.0036,1.35,2012
Radial Velocity,2,430.0,,,2002
Radial Velocity,1,111.7,,14.9,2009
Radial Velocity,1,777.0,,,2009
Transit,1,,,,2008
Transit,2,42.994,,,2013
Transit,4,54.32031,,,2013
Radial Velocity,3,90.309,,6.06,2011
Radial Velocity,2,931.0,,66.89,2013
Transit,2,10.9129343,,,2012
Radial Velocity,1,456.1,,52.88,2007
Radial Velocity,1,472.0,,,2010
Transit,2,49.412,,,2013
Radial Velocity,1,269.3,,77.4,2006
Transit,2,49.532,,1500.0,2012
Transit,1,2.143634,,,2011
Radial Velocity,1,3383.0,3.15,51.36,2002
Transit,6,,,613.0,2010
Transit,2,48.648,,,2013
Transit,1,,,,2014
Transit,1,6.871815,,,2010
Transit,2,21.2227,,,2014
Radial Velocity,2,85.131,,35.89,2011
Transit,1,3.54846,,,2009
Pulsation Timing Variations,1,1170.0,,,2007
Transit,1,2.7033904,1.47,178.0,2013
Transit,1,3.90512,,800.0,2010
Radial Velocity,1,8.7836,0.0265,9.42,2008
Radial Velocity,3,33.941,,25.59,2011
Transit,1,0.813475,,80.0,2011
Radial Velocity,1,24.348,0.72,19.89,1999
Transit,2,16.23855,,470.0,2012
Transit,2,42.1516418,,,2012
Radial Velocity,1,1531.0,6.92,37.44,2002
Transit,2,7.81254,,,2012
Transit,1,7.340718,,1330.0,2013
Radial Velocity,2,1460.0,,,2014
Radial Velocity,1,122.1,,9.24,2010
Radial Velocity,3,31.56,,12.58,2006
Transit,1,3.0763776,,230.0,2008
Transit,1,2.691548,,,2014
Transit,1,4.008778,,215.0,2010
Imaging,1,,,,2013
Radial Velocity,1,392.6,0.91,,2011
Transit,1,,,360.0,2013
Transit,2,9.77,,,2012
Radial Velocity,2,19.382,0.865,66.89,2013
Transit,1,4.2568,,680.0,2008
Radial Velocity,2,3810.0,,47.92,1999
Transit,3,3.504725,,,2011
Radial Velocity,1,420.77,1.7,50.0,2007
Radial Velocity,1,4218.0,1.88,45.52,2009
Radial Velocity,1,948.12,0.224,38.05,2011
Radial Velocity,1,58.43,0.01133,11.15,2011
Radial Velocity,3,59.519,0.0382,26.91,2011
Radial Velocity,2,349.7,1.25,25.64,2001
Transit,4,42.8961,,,2014
Microlensing,1,,,,2013
Imaging,1,,,140.0,2004
Transit,1,3.52254,,1330.0,2010
Transit,1,1.091423,,,2008
Transit,2,5.4122,,,2013
Microlensing,1,,,1760.0,2013
Radial Velocity,2,3186.0,,,2012
Transit,3,35.3331,,,2014
Transit,1,3.67724,,,2007
Transit,4,23.9802,,,2014
Transit,5,122.3874,,368.0,2013
Radial Velocity,1,714.3,,,2007
Transit,1,4.008778,,215.0,2010
Transit,1,3.6936411,,,2012
Radial Velocity,1,2.985625,0.4,,2002
Imaging,1,,,165.0,2007
Transit,1,228.776,,,2011
Eclipse Timing Variations,2,5767.0,,130.72,2008
Imaging,1,40000.0,,,2011
Transit,1,4.2568,,,2008
Radial Velocity,1,456.1,3.09,52.88,2007
Transit,1,3.24674,,,2011
Transit,3,1.865169,,38.7,2011
Radial Velocity,2,19.382,0.865,,2013
Transit,2,22.804,,,2013
Radial Velocity,1,2093.3,,,2012
Radial Velocity,3,11.577,0.0166,14.56,2011
Transit,2,5.487,,,2013
Radial Velocity,3,34.873,0.054,,2011
Transit,1,3.35524,,396.0,2010
Transit,2,15.3348,,,2011
Radial Velocity,2,11.849,,43.08,2011
Transit,5,5.28696,,,2014
Transit,1,3.67724,,,2007
Transit,1,0.925542,,470.0,2014
Transit,1,3.6936411,,200.0,2012
Radial Velocity,3,2473.0,,64.56,2003
Transit,5,10.854092,,290.0,2011
Radial Velocity,2,,,94.61,2005
Radial Velocity,1,788.0,,,2009
Transit,3,14.85888,,,2011
Radial Velocity,1,2231.0,,,2003
Radial Velocity,1,1125.7,9.76,121.36,2008
Radial Velocity,5,261.2,,,2007
Radial Velocity,1,1159.2,,26.5,2009
Radial Velocity,2,18.357,0.039,52.03,2013
Transit,1,3.361006,,,2009
Radial Velocity,3,12.083,0.0292,,2011
Microlensing,1,,,,2004
Transit,1,3.446459,,303.0,2012
Radial Velocity,4,5.36874,,6.27,2005
Radial Velocity,1,141.6,1.08,,2007
Radial Velocity,3,4.1547,0.058,52.83,2009
Transit,3,1.865169,,38.7,2011
Radial Velocity,1,1475.0,,,2009
Microlensing,1,3500.0,,,2005
Radial Velocity,1,3.52474859,,,1999
Transit,1,3.24674,,,2011
Radial Velocity,4,1276.46,4.132,13.47,1999
Transit,1,2.34121242,,,2010
Radial Velocity,2,263.3,,15.71,2010
Transit,3,8.13123,,,2012
Imaging,1,,,145.0,2013
Radial Velocity,2,14.07,,34.07,2011
Transit,1,1.5373653,,450.0,2011
Transit,1,5.723186,,322.0,2011
Transit,3,7.1316185,,,2012
Transit,2,2.42629,,,2014
Transit,1,9.20205,,,2008
Radial Velocity,2,4.0845,0.07167000000000001,37.84,2008
Radial Velocity,1,,9.9,352.11,2012
Radial Velocity,1,3.024,,33.41,2000
Imaging,1,,,,2012
Transit,2,7.1073,,,2011
Radial Velocity,1,2.391,,76.51,2009
Transit,2,13.722341,,,2013
Microlensing,1,,,1760.0,2013
Radial Velocity,1,868.0,1.4,130.89,2011
Radial Velocity,2,29.15,0.0379,35.89,2011
Imaging,1,318280.0,,,2008
Transit,1,228.776,,61.0,2011
Radial Velocity,3,51.645,1.8,64.56,2003
Radial Velocity,1,1634.0,,,2009
Transit,5,21.77596,,,2011
Radial Velocity,1,851.8,6.1,,2007
Transit,1,1.7497798,,140.0,2012
Radial Velocity,3,431.7,,25.87,2011
Radial Velocity,2,2102.0,4.04,36.32,2003
Radial Velocity,1,1125.7,9.76,121.36,2008
Transit,1,3.24674,,,2011
Transit,1,3.7681,,920.0,2011
Eclipse Timing Variations,2,2883.5,,500.0,2010
Transit,2,36.855,,,2013
Radial Velocity,2,1460.0,,,2014
Radial Velocity,2,1178.4,2.1,52.72,2006
Radial Velocity,3,6.673855,3.88,52.88,2005
Radial Velocity,3,31.56,,12.58,2006
Imaging,1,,,135.0,2013
Transit,5,77.61184,,290.0,2011
Radial Velocity,3,8.631,,14.97,2013
Radial Velocity,1,5.8881,,53.08,2013
Transit,6,31.9996,,,2010
Radial Velocity,1,327.8,0.6,,2010
Radial Velocity,1,4951.0,,42.77,2012
Transit,2,26.723,,,2013
Radial Velocity,1,466.0,0.5,53.82,2010
Imaging,1,,,91.57,2013
Radial Velocity,1,670.0,2.1,,2011
Radial Velocity,2,883.0,0.86,74.79,2010
Transit,1,4.353011,,155.0,2009
Transit,1,95.2738,,460.0,2009
Imaging,1,,,139.0,2004
Transit,6,46.6888,,613.0,2010
Transit,1,95.2738,,460.0,2009
Radial Velocity,6,9.6184,0.0208,,2008
Transit,1,3.577469,,,2010
Transit,5,18.16406,,368.0,2013
Radial Velocity,2,46.025,,42.52,2011
Radial Velocity,1,176.3,,126.1,2010
Radial Velocity,1,1143.0,6.8,28.88,2003
Radial Velocity,2,2500.0,7.0,121.36,2008
Radial Velocity,5,261.2,0.172,12.53,2007
Radial Velocity,1,2.245715,0.45,,2005
Transit,1,1.5089557,,,2008
Radial Velocity,1,4.4264,,,2012
Orbital Brightness Modulation,1,1.54492875,,,2013
Radial Velocity,1,2597.0,,33.01,2004
Transit,1,3.91405,,2000.0,2007
Transit,3,8.13123,,,2012
Transit,1,3.1260876,,,2011
Radial Velocity,1,311.288,,17.24,1999
Transit,1,3.024095,,,2011
Transit,2,38.5583038,,,2012
Transit,1,3.352057,,3200.0,2012
Radial Velocity,1,499.4,2.73,51.87,2008
Radial Velocity,1,335.1,9.88,,2009
Orbital Brightness Modulation,1,1.54492875,,,2013
Transit,1,1.091423,,,2008
Transit,1,3.4059096,,,2010
Radial Velocity,2,567.0,,43.53,2009
Radial Velocity,2,4046.0,,,2011
Radial Velocity,2,262.709,,37.16,2000
Radial Velocity,3,2172.0,0.54,26.15,2008
Radial Velocity,1,1057.0,3.12,59.35,2008
Radial Velocity,1,1951.0,,57.21,2008
Radial Velocity,1,133.71,,17.62,2000
Radial Velocity,2,5.6,0.045,42.09,2009
Radial Velocity,1,442.1,,,1998
Transit,1,11.5231,,,2014
Radial Velocity,1,141.6,1.08,108.46,2007
Radial Velocity,1,3.52474859,,47.08,1999
Radial Velocity,1,5.7361,,,2012
Transit,1,9.24285,,1230.0,2011
Radial Velocity,1,705.0,1.3,,2011
Radial Velocity,6,51.76,,12.83,2012
Radial Velocity,1,,,28.07,2000
Transit,3,7.64159,,,2011
Transit,1,3.7520656,,,2009
Radial Velocity,2,14.182,,28.6,2011
Transit,1,2.810595,,193.0,2011
Transit,1,3.89713,,770.0,2011
Transit,1,9.4341505,,,2013
Radial Velocity,2,1708.0,1.92,,2002
Radial Velocity,1,431.8,,,2011
Radial Velocity,2,379.63,21.42,,2009
Radial Velocity,1,1289.0,3.0,46.93,2002
Radial Velocity,1,842.0,,,2009
Transit,1,1.4822446,,360.0,2011
Radial Velocity,3,6.673855,,52.88,2005
Transit,1,8.884924,,1140.0,2013
Radial Velocity,1,1928.0,,,2005
Transit,2,5.487,,,2013
Transit,1,4.2,,8500.0,2006
Transit,5,22.7802,,303.0,2012
Transit,1,21.0874,,1200.0,2011
Radial Velocity,1,136.75,2.8,62.66,2007
Transit,1,3.4059096,,360.0,2010
Radial Velocity,1,1244.0,0.38,68.35,2009
Radial Velocity,1,,,88.26,2007
Transit,1,3.446459,,303.0,2012
Transit,1,4.37809,,330.0,2012
Transit,1,6.21229,,,2010
Transit,1,282.5255,,,2013
Radial Velocity,1,256.78,8.44,38.99,1999
Transit,5,21.77596,,,2011
Radial Velocity,3,8.1352,0.036,25.87,2011
Transit,2,12.2829,,,2011
Radial Velocity,2,349.7,,,2001
Radial Velocity,1,903.3,1.85,13.79,2003
Radial Velocity,6,49.747,,,2010
Radial Velocity,2,10.866,,21.52,2011
Radial Velocity,2,14.07,,34.07,2011
Radial Velocity,2,53.832,,,2011
Transit,2,25.5169,,,2014
Microlensing,1,2780.0,,,2011
Radial Velocity,1,1544.0,,98.52,2011
Imaging,1,,,91.57,2013
Radial Velocity,3,1050.3,,16.13,2010
Radial Velocity,1,36.96,2.49,93.2,2007
Radial Velocity,1,521.0,1.8,114.15,2011
Microlensing,1,,,7720.0,2012
Transit,1,3.922727,,,2010
Radial Velocity,2,1353.6,,37.84,2008
Radial Velocity,2,226.93,,32.58,2008
Radial Velocity,6,16.3567,,39.39,2010
Microlensing,1,2780.0,,,2011
Transit,2,10.95416,,,2013
Transit,6,13.0241,,613.0,2010
Radial Velocity,1,311.288,1.94,17.24,1999
Radial Velocity,1,3.3135,3.9,,1996
Radial Velocity,1,436.9,,150.38,2011
Transit,1,3.024095,,1950.0,2011
Pulsar Timing,3,66.5419,,,1992
Radial Velocity,1,4.230785,0.472,,1995
Radial Velocity,1,7.3709,0.018,9.04,2011
Radial Velocity,3,14.025,0.0187,25.59,2011
Radial Velocity,1,,,,2007
Transit,1,2.785755,,108.0,2011
Microlensing,1,,,7720.0,2012
Radial Velocity,1,4.072,,63.49,2005
Radial Velocity,2,406.6,1.49,,1999
Radial Velocity,1,41.397,0.298,11.03,2010
Radial Velocity,1,385.9,5.59,,2001
Radial Velocity,1,738.459,2.61,,2001
Radial Velocity,1,465.1,,50.18,2009
Radial Velocity,1,63.33,1.22,44.37,2003
Transit,5,5.28696,,,2014
Transit,2,26.444,,,2012
Radial Velocity,2,613.8,1.85,,2010
Radial Velocity,1,528.4,1.21,12.87,2003
Radial Velocity,1,6.495,,121.07,2010
Transit,2,15.3348,,,2011
Radial Velocity,2,4270.0,,19.72,2005
Radial Velocity,1,851.8,,,2007
Radial Velocity,1,227.0,1.8,44.15,2002
Imaging,1,,,,2013
Transit,2,191.2318,,,2013
Radial Velocity,1,176.3,2.9,126.1,2010
Transit,1,66.262,,,2014
Radial Velocity,1,1733.0,,26.95,2011
Transit,1,3.8559,,,2012
Radial Velocity,4,3848.86,,13.47,2010
Radial Velocity,1,185.84,,76.39,2008
Radial Velocity,3,106.72,0.03,,2011
Radial Velocity,2,30.93,,56.92,2013
Transit,1,2.47063,,213.0,2006
Radial Velocity,1,948.12,,38.05,2011
Radial Velocity,1,227.0,,44.15,2002
Radial Velocity,1,528.4,1.21,12.87,2003
Radial Velocity,1,396.03,,131.75,2010
Radial Velocity,1,2.1375,1.5,91.16,2006
Transit,1,1.7635892,,,2011
Radial Velocity,2,226.93,,32.58,2008
Radial Velocity,1,279.8,1.37,90.33,2008
Transit,1,3.24674,,,2011
Transit,1,6.871815,,,2010
Radial Velocity,1,,,26.52,2002
Transit,2,11.6092567,,,2012
Transit,1,2.150008,,283.0,2011
Radial Velocity,1,986.0,,,2006
Transit,1,1.5089557,,,2008
Transit,1,1.54168,,,2014
Transit,2,2.50806,,,2014
Radial Velocity,1,118.96,1.13,28.07,2000
Radial Velocity,1,18.179,0.33,,2006
Imaging,1,,,139.0,2004
Radial Velocity,1,1561.0,,51.97,2003
Transit,1,2.875317,,,2010
Radial Velocity,1,1634.0,,38.26,2009
Transit,2,,,,2013
Transit,1,1.354133,,360.0,2013
Transit,1,0.94145299,,105.49,2009
Transit,1,,,1000.0,2012
Radial Velocity,1,3.33714,,25.2,2012
Transit,1,2.152226,,147.0,2007
Radial Velocity,1,778.1,5.9,138.5,2011
Transit,2,12.04,,,2012
Transit,2,34.921,,,2013
Radial Velocity,3,4.1547,,52.83,2009
Transit,2,2.42629,,,2014
Radial Velocity,1,,1.11,175.44,2013
Radial Velocity,3,40.114,0.00755,6.06,2011
Transit,2,,,,2013
Radial Velocity,3,25.6,0.024,14.97,2013
Radial Velocity,1,479.1,,,2008
Imaging,1,,,,2006
Transit,2,6.48163,,,2014
Radial Velocity,4,643.25,,15.28,2000
Radial Velocity,1,498.9,,84.03,2009
Radial Velocity,2,1275.0,1.11,38.52,2011
Radial Velocity,1,,6.54,66.49,2005
Radial Velocity,1,868.0,,130.89,2011
Radial Velocity,1,5.3978,,16.82,2008
Transit,1,1.9550959,,230.0,2011
Radial Velocity,2,5.6,,,2009
Transit,1,2.152226,,147.0,2007
Transit,2,33.006,,,2013
Transit,2,9.522,,,2012
Radial Velocity,1,1544.0,1.49,98.52,2011
Transit,1,1.9550959,,,2011
Radial Velocity,2,192.9,1.82,52.85,2009
Transit,2,8.041,,,2013
Transit,2,0.66931,,,2014
Transit,1,288.822,,,2011
Radial Velocity,1,912.0,,,2011
Pulsar Timing,1,36525.0,,,2003
Radial Velocity,1,3.971,0.197,59.7,2002
Radial Velocity,2,406.6,1.49,59.03,1999
Radial Velocity,3,962.0,0.64,26.15,2008
Transit,2,13.83989,,470.0,2012
Transit,1,2.143634,,,2011
Radial Velocity,1,21.21663,,,2007
Transit,1,4.234516,,,2010
Transit,1,4.9816872,,160.0,2012
Radial Velocity,3,4.215,0.016,,2009
Transit,1,288.822,,1499.0,2011
Transit,1,3.257215,,395.0,2011
Radial Velocity,1,4.6455,0.013,24.05,2010
Transit,1,4.124481,,254.0,2010
Radial Velocity,1,1214.0,,,2006
Transit,2,23.08933,,,2014
Radial Velocity,1,396.03,,131.75,2010
Transit,3,14.85888,,,2011
Transit,1,3.21222,,82.0,2010
Radial Velocity,1,2582.7,,,2005
Transit,1,10.863502,,190.0,2010
Transit,1,4.234516,,134.0,2010
Transit,1,3.547851,,453.0,2013
Transit,5,77.61184,,,2011
Radial Velocity,2,1022.0,3.4,354.0,2011
Radial Velocity,2,613.8,1.85,68.35,2010
Radial Velocity,1,499.4,2.73,51.87,2008
Radial Velocity,1,696.3,,99.4,2009
Radial Velocity,2,360.2,2.37,56.5,2012
Radial Velocity,1,1966.1,,48.64,2011
Eclipse Timing Variations,1,2900.0,,,2011
Pulsar Timing,3,66.5419,,,1992
Transit,1,1.5373653,,450.0,2011
Radial Velocity,2,14.182,,28.6,2011
Radial Velocity,2,789.0,,,2014
Radial Velocity,4,1.93778,0.021,4.7,2005
Radial Velocity,1,1333.0,,32.99,2007
Transit,1,1.62843142,,,2008
Transit,2,23.654,,,2013
Transit,1,3.361006,,,2009
Radial Velocity,1,696.3,,,2009
Radial Velocity,1,1075.2,,,1999
Radial Velocity,3,603.0,,14.97,2013
Transit,1,13.2406,,345.0,2010
Radial Velocity,2,11.849,,43.08,2011
Radial Velocity,2,161.97,,55.31,2012
Radial Velocity,1,1096.2,0.168,29.55,2011
Radial Velocity,2,263.3,0.27,15.71,2010
Transit,2,15.5741568,,,2012
Radial Velocity,1,5.0505,1.068,44.46,2013
Radial Velocity,1,70.46,0.3,30.5,2005
Eclipse Timing Variations,1,2900.0,,,2011
Imaging,1,,,,2010
Transit,4,22.342989,,,2013
Eclipse Timing Variations,2,1916.25,,,2011
Radial Velocity,1,1561.0,7.71,,2003
Transit,1,0.355,,,2013
Transit,7,59.73667,,780.0,2013
Transit,1,3.922727,,,2010
Microlensing,1,,,2800.0,2012
Radial Velocity,1,1143.0,,28.88,2003
Radial Velocity,1,14.476,,,2008
Transit,1,1.33823187,,300.0,2007
Transit,2,17.849,,,2013
Radial Velocity,2,937.7,1.24,28.04,2003
Radial Velocity,1,396.03,,131.75,2010
Radial Velocity,2,161.97,,55.31,2012
Radial Velocity,1,17337.5,9.0,,2009
Transit,1,2.838971,,455.0,2012
Transit,2,17.324,,,2013
Imaging,1,,,,2010
Transit,1,3.052401,,180.0,2010
Radial Velocity,1,5.118,0.4,,2014
Transit,1,228.776,,,2011
Transit,1,3.408821,,,2010
Transit,2,23.08933,,,2014
Radial Velocity,1,103.95,,55.19,2008
Radial Velocity,1,456.1,,,2007
Radial Velocity,1,778.1,,138.5,2011
Radial Velocity,1,3638.0,6.9,43.57,2012
Transit,1,2.5199449,,408.0,2007
Radial Velocity,1,456.1,,52.88,2007
Radial Velocity,4,310.55,,15.28,2006
Radial Velocity,1,,0.38,68.35,2009
