name,region,id,pct,total,group
Texas	south,,1.0,0.067,1310277.0450353553,10000 to 14999
Florida	south,,1.0,0.098,1034713.8435372635,75000 to 99999
Washington	west,,1.0,0.139,2679238.394354423,75000 to 99999
New Hampshire	northeast,,1.0,0.056,2296144.7911430784,150000 to 199999
New York	northeast,,1.0,0.063,4704318.135068182,10000 to 14999
Wisconsin	midwest,,1.0,0.039,397201.4331580655,150000 to 199999
New York	northeast,,1.0,0.035,829406.776483779,<10000
Arizona	west,,1.0,0.027,3696339.662075269,10000 to 14999
Connecticut	northeast,,1.0,0.125,998779.0806695906,15000 to 24999
Hawaii	west,,1.0,0.069,5930856.021626218,10000 to 14999
District of Columbia	south,,1.0,0.103,3393056.668485198,15000 to 24999
District of Columbia	south,,1.0,0.099,11931024.534243958,100000 to 149999
Vermont	northeast,,1.0,0.132,455959.591050865,35000 to 49999
South Dakota	midwest,,1.0,0.183,1881025.4987551202,50000 to 74999
Utah	west,,1.0,0.119,7438171.168804813,75000 to 99999
North Dakota	midwest,,1.0,0.078,3231053.5511159515,10000 to 14999
Kentucky	south,,1.0,0.037,222679.0,150000 to 199999
Kentucky	south,,1.0,0.11,2081033.811084268,75000 to 99999
Alaska	west,,1.0,0.022,1835532.1442375206,200000+
Maine	northeast,,1.0,0.101,3499729.383790265,15000 to 24999
Arizona	west,,1.0,0.115,809849.374480633,200000+
Wisconsin	midwest,,1.0,0.069,3884288.573710148,10000 to 14999
Oklahoma	south,,1.0,0.114,735375.8775163958,75000 to 99999
West Virginia	south,,1.0,0.099,1811908.7096966621,<10000
Michigan	midwest,,1.0,0.136,913765.6824030178,35000 to 49999
Louisiana	south,,1.0,0.142,416939.50150798523,100000 to 149999
Florida	south,,1.7236889695010937,0.034,2373178.6211543693,150000 to 199999
Nebraska	midwest,,1.7359555034391079,0.134,3188094.565984731,75000 to 99999
Wisconsin	midwest,,1.802297786749179,0.142,1551672.8833868094,100000 to 149999
Virginia	south,,1.836922088870395,0.042,1270122.1153771258,200000+
Washington	west,,2.2427829575931035,0.19,239768.17508373526,50000 to 74999
Arkansas	south,,2.76923063468719,0.124,222679.0,35000 to 49999
Louisiana	south,,2.8785895396603287,0.032,1437445.82738425,10000 to 14999
Connecticut	northeast,,3.1598840430476187,0.08,2162820.018001525,<10000
Minnesota	midwest,,3.455681777613723,0.135,2607560.121422768,75000 to 99999
Colorado	west,,3.647697990947851,0.204,672009.302944893,50000 to 74999
Michigan	midwest,,3.687165543939823,0.067,635865.7870169661,10000 to 14999
Minnesota	midwest,,3.7307479913135566,0.039,9402732.063539905,10000 to 14999
Mississippi	south,,3.825438376919241,0.169,496227.9049032132,50000 to 74999
Hawaii	west,,4.171639460872207,0.051,222679.0,200000+
Montana	west,,4.456498309053181,0.181,2568592.190031415,50000 to 74999
West Virginia	south,,4.569880626896143,0.067,4734108.461227082,10000 to 14999
Alaska	west,,4.582582647959267,0.091,400116.9620643952,15000 to 24999
West Virginia	south,,5.123832323266338,0.141,2233344.0455618133,35000 to 49999
Maine	northeast,,5.278056753245899,0.107,1792728.496121859,15000 to 24999
Indiana	midwest,,6.072691267853198,0.034,1577210.5213192487,150000 to 199999
Arkansas	south,,6.084669980093597,0.043,6800690.93310061,150000 to 199999
New Hampshire	northeast,,6.229106458820919,0.05,531939.8900727369,150000 to 199999
Arizona	west,,6.291911218429718,0.126,439057.0882996011,15000 to 24999
District of Columbia	south,,6.826113685791931,0.196,1986388.0858790244,50000 to 74999
Iowa	midwest,,7.384301924911554,0.154,222679.0,100000 to 149999
Minnesota	midwest,,7.739392431205129,0.051,3385512.208285098,150000 to 199999
New Hampshire	northeast,,7.842986729795605,0.126,408399.5128858002,75000 to 99999
Massachusetts	northeast,,7.863516171133451,0.125,2979174.7022902607,35000 to 49999
South Dakota	midwest,,8.13368211145001,0.094,1425601.742508428,25000 to 34999
District of Columbia	south,,8.403918077722924,0.055,632889.3767074968,10000 to 14999
Oklahoma	south,,8.552276584175718,0.033,1883501.7231538787,150000 to 199999
Ohio	midwest,,8.77094376808262,0.132,2464900.350189883,75000 to 99999
Missouri	midwest,,8.893013152682936,0.058,4317552.703911073,150000 to 199999
Kansas	midwest,,9.018039062357925,0.104,704561.36229993,<10000
South Dakota	midwest,,9.311788461046874,0.077,8106614.792275936,<10000
Illinois	midwest,,9.481815219543169,0.099,1052340.0874657035,75000 to 99999
Montana	west,,9.595985384570188,0.074,2108464.2523050914,25000 to 34999
Ohio	midwest,,9.611861151777344,0.121,1505216.399424369,100000 to 149999
Maine	northeast,,9.692213399725883,0.09,4816263.868355774,15000 to 24999
Texas	south,,9.927518905611667,0.076,3479655.621784634,<10000
Rhode Island	northeast,,9.931460861970084,0.126,4274801.84500007,15000 to 24999
Wisconsin	midwest,,9.964378111952083,0.131,8264729.341662114,35000 to 49999
Utah	west,,9.974715533075855,0.176,7558253.095738967,50000 to 74999
Minnesota	midwest,,10.155654620146834,0.141,342597.6501921873,35000 to 49999
Idaho	west,,10.487556947470466,0.14,453275.08235776215,100000 to 149999
New Jersey	northeast,,10.603213346879905,0.125,1222293.992272611,35000 to 49999
Alabama	south,,10.71166663140588,0.121,11161277.125255067,15000 to 24999
Montana	west,,10.755625862495084,0.09,222679.0,15000 to 24999
Mississippi	south,,10.993853702616917,0.105,2462387.8648403897,15000 to 24999
Georgia	south,,11.088538176302592,0.192,222679.0,50000 to 74999
Massachusetts	northeast,,11.120275717714438,0.117,1946047.2635205293,75000 to 99999
Hawaii	west,,11.210816436271617,0.206,1272137.591469755,50000 to 74999
Colorado	west,,11.82328280811043,0.119,6479724.065853406,15000 to 24999
California	west,,12.257085409985631,0.104,438371.3243195505,15000 to 24999
New Hampshire	northeast,,12.384844964590972,0.08,1329364.2153327959,100000 to 149999
New Hampshire	northeast,,12.390232883774974,0.051,2081007.2758012195,10000 to 14999
Tennessee	south,,12.395110886329718,0.098,885482.5740517502,25000 to 34999
Nevada	west,,12.548395609791974,0.131,2199659.829497752,75000 to 99999
Pennsylvania	northeast,,12.623194256621783,0.083,2019790.3173649423,25000 to 34999
Maryland	south,,12.847494702727737,0.08,777067.4093336187,<10000
Tennessee	south,,12.911683461323733,0.101,6685562.38707024,35000 to 49999
Puerto Rico	other,,13.129758508434023,0.069,10292109.193183642,25000 to 34999
Utah	west,,13.23015093701816,0.069,798038.1051650443,<10000
South Dakota	midwest,,13.287309294497359,0.06,506221.87912483956,10000 to 14999
Missouri	midwest,,13.342326409666995,0.126,2722207.3441045014,35000 to 49999
Vermont	northeast,,13.404575848140016,0.111,825440.1128741655,25000 to 34999
New Jersey	northeast,,13.590835691197285,0.132,2821819.6691622464,75000 to 99999
Wisconsin	midwest,,14.014812157591228,0.13,4453183.721018881,100000 to 149999
North Dakota	midwest,,14.226148390707094,0.1,2190968.4405227453,100000 to 149999
Arkansas	south,,14.407831568137004,0.069,1236987.7140426293,<10000
Oregon	west,,14.700849163896025,0.124,222679.0,75000 to 99999
Nevada	west,,15.164760404362934,0.204,433470.4138193878,50000 to 74999
Delaware	south,,15.224648341568939,0.122,1281216.2003680044,15000 to 24999
Georgia	south,,15.483660402979401,0.103,258815.16492748322,75000 to 99999
Alaska	west,,15.719421069772988,0.047,1390614.0725110576,150000 to 199999
Illinois	midwest,,15.857814686655802,0.049,5705065.073727966,200000+
Michigan	midwest,,15.858379239279161,0.036,979717.8927304053,200000+
Virginia	south,,16.03940787812748,0.036,524695.5086986292,10000 to 14999
Puerto Rico	other,,16.072347431418663,0.096,5230776.099289531,75000 to 99999
Ohio	midwest,,16.14015349533528,0.051,718330.936729947,10000 to 14999
Michigan	midwest,,16.1575353328318,0.139,2179233.587890488,100000 to 149999
Nevada	west,,16.16909812398807,0.114,358131.33564143756,75000 to 99999
Puerto Rico	other,,16.284943118553265,0.03,434524.4410588888,150000 to 199999
New Jersey	northeast,,16.328081056917085,0.047,3688325.680713936,<10000
Connecticut	northeast,,16.36560782469609,0.028,5142892.591582023,200000+
Washington	west,,16.374373798450527,0.061,969135.6899875507,10000 to 14999
Puerto Rico	other,,16.381059319256078,0.056,7023271.132432027,200000+
New Mexico	west,,16.388865263068766,0.069,1370139.2238384527,10000 to 14999
Tennessee	south,,16.42856055517541,0.111,988598.4421489533,25000 to 34999
Nebraska	midwest,,16.64884942097294,0.146,2958159.863554709,35000 to 49999
Hawaii	west,,16.675559022030733,0.143,1544261.637928515,100000 to 149999
Massachusetts	northeast,,16.84509757010947,0.045,716895.4400109223,10000 to 14999
Pennsylvania	northeast,,16.86856263474744,0.144,2765971.2477956233,50000 to 74999
Illinois	midwest,,17.00079708499667,0.047,1869848.7391441276,10000 to 14999
Alabama	south,,17.16823030551053,0.115,12581722.0,25000 to 34999
Georgia	south,,17.281070697963422,0.098,270776.97399450897,25000 to 34999
Connecticut	northeast,,17.354842211266774,0.039,6538816.811985076,150000 to 199999
South Dakota	midwest,,17.357120051940324,0.069,2832348.298864423,200000+
New Jersey	northeast,,17.460161162228292,0.059,1523626.2735266392,200000+
Puerto Rico	other,,17.460866941223426,0.056,656215.2665168092,<10000
South Carolina	south,,17.498897932268548,0.07,12581722.0,<10000
Massachusetts	northeast,,17.55936976321636,0.108,876142.2081760028,75000 to 99999
California	west,,17.71646193599506,0.129,2285622.3016500757,35000 to 49999
California	west,,17.74397602583676,0.137,5768141.014220645,75000 to 99999
Tennessee	south,,17.846678648080562,0.111,1472289.8356495197,25000 to 34999
Illinois	midwest,,17.994923142971153,0.124,2196634.5689690122,35000 to 49999
Alaska	west,,18.147792952330946,0.082,1643801.5245640015,10000 to 14999
Minnesota	midwest,,18.250078524748453,0.141,8896837.702325774,15000 to 24999
Tennessee	south,,18.414036614196622,0.098,2110806.1078022635,15000 to 24999
Indiana	midwest,,18.436116226150062,0.029,2295940.079732605,150000 to 199999
Hawaii	west,,18.90678846004704,0.098,2566603.440633135,100000 to 149999
Texas	south,,18.97158861052115,0.102,1584038.7356506453,75000 to 99999
Hawaii	west,,18.978854647217457,0.109,2047604.7216040823,75000 to 99999
Virginia	south,,19.290584818048,0.049,1061934.1482500732,150000 to 199999
Arkansas	south,,19.322569496769574,0.067,591883.3433476359,10000 to 14999
Oregon	west,,19.333176120815878,0.016,1591205.3933888157,200000+
California	west,,19.343362518847567,0.034,646762.2469172366,150000 to 199999
Alaska	west,,19.360662763506852,0.124,470368.7675663121,15000 to 24999
Colorado	west,,19.404038480400512,0.135,4137064.526251816,35000 to 49999
Massachusetts	northeast,,19.786071341815024,0.169,4067654.867735229,15000 to 24999
Vermont	northeast,,19.84788817920394,0.178,442680.77957164374,100000 to 149999
New York	northeast,,19.877738768074117,0.068,4336871.5599743575,<10000
Vermont	northeast,,19.881791005126757,0.025,628112.9027213046,200000+
Idaho	west,,19.909269629052318,0.118,902578.5622552221,25000 to 34999
Mississippi	south,,19.913337863988488,0.189,682903.0620119998,50000 to 74999
North Carolina	south,,19.93985560697748,0.037,1694163.2378062804,200000+
Florida	south,,19.95601437961925,0.104,1044605.7877941898,15000 to 24999
Minnesota	midwest,,20.40005627085745,0.103,1491064.5118062743,15000 to 24999
Minnesota	midwest,,20.444615073351123,0.101,1207070.519986071,<10000
Alabama	south,,20.457681765357933,0.208,680311.0548272936,50000 to 74999
Louisiana	south,,20.490803612298834,0.154,437699.1391576643,50000 to 74999
Puerto Rico	other,,20.51399076280852,0.031,959355.0628031907,200000+
New Jersey	northeast,,20.569452495363592,0.137,2042423.4451813851,75000 to 99999
North Carolina	south,,20.69777031680326,0.061,390680.68627277657,<10000
Colorado	west,,20.846662424464277,0.1,1209908.6935050231,100000 to 149999
Puerto Rico	other,,20.940855826243926,0.122,1571726.0199308961,75000 to 99999
Georgia	south,,20.98195453370718,0.15,4585731.298703656,100000 to 149999
Michigan	midwest,,21.211707376873864,0.128,3648789.588594691,35000 to 49999
Nevada	west,,21.21475092261532,0.041,229922.45963455868,10000 to 14999
Illinois	midwest,,21.230662036654465,0.153,1003245.4037187106,35000 to 49999
Wisconsin	midwest,,21.514262292785162,0.172,1670610.0486380714,50000 to 74999
Pennsylvania	northeast,,21.559606583294894,0.068,4046203.824881516,10000 to 14999
District of Columbia	south,,21.569303351408696,0.115,586660.2474545732,100000 to 149999
Tennessee	south,,21.781133354723103,0.109,848397.25868569,15000 to 24999
Michigan	midwest,,21.938935040762672,0.173,4966558.49535506,100000 to 149999
Maine	northeast,,22.00620851220053,0.098,4870695.531966588,<10000
Texas	south,,22.514408698511655,0.118,1032496.5971525748,75000 to 99999
Georgia	south,,22.558747131028277,0.135,8384060.412636254,75000 to 99999
Colorado	west,,22.65337346700963,0.14,452254.86324826063,100000 to 149999
Virginia	south,,22.7995142158037,0.128,1740859.3422039745,100000 to 149999
Connecticut	northeast,,22.828683844125106,0.069,1731299.460603756,<10000
Oklahoma	south,,22.895860774867085,0.139,756563.6844260795,15000 to 24999
Vermont	northeast,,22.996391154664106,0.081,908457.0772106639,<10000
Indiana	midwest,,23.135412643319842,0.168,222679.0,50000 to 74999
Connecticut	northeast,,23.14366220003998,0.089,292189.67317399516,25000 to 34999
Vermont	northeast,,23.19831948345164,0.107,779791.8156828971,75000 to 99999
Idaho	west,,23.242927029597332,0.123,4851577.367581157,75000 to 99999
Wyoming	west,,23.568501562007228,0.135,1231356.1200782584,35000 to 49999
New York	northeast,,23.594232480296633,0.095,484497.68516661046,<10000
Delaware	south,,23.681376866498162,0.04,1801027.1649269797,200000+
Washington	west,,23.70065542297197,0.142,222679.0,35000 to 49999
District of Columbia	south,,23.807774943412166,0.071,3028217.509187534,10000 to 14999
Louisiana	south,,23.904096889637145,0.021,286242.0581367891,150000 to 199999
Maine	northeast,,23.99998249693453,0.016,567228.4299964067,200000+
Kentucky	south,,24.014042912007355,0.137,488361.9754997284,35000 to 49999
Texas	south,,24.115322670037724,0.16,941020.0899442186,35000 to 49999
Utah	west,,24.221914771784856,0.065,787537.791570141,<10000
Nevada	west,,24.256710115437844,0.074,245762.3423642228,10000 to 14999
Wyoming	west,,24.557373253942057,0.116,972252.9143816328,25000 to 34999
Missouri	midwest,,24.943726993553604,0.154,10323807.63989495,35000 to 49999
Montana	west,,25.334657419238475,0.062,794282.4751237412,10000 to 14999
Arizona	west,,25.3881201612936,0.112,1354287.6923299022,75000 to 99999
Nevada	west,,25.395939327601816,0.103,725707.5226180784,25000 to 34999
Idaho	west,,25.59840031439081,0.098,2548270.287824223,75000 to 99999
Oklahoma	south,,25.79570634355848,0.197,438584.1669675513,50000 to 74999
Nevada	west,,25.831117436179262,0.12,758354.8259050521,15000 to 24999
Texas	south,,25.89556009626267,0.135,1330869.5689378623,100000 to 149999
Vermont	northeast,,26.070655761383108,0.133,4956131.355120702,35000 to 49999
North Dakota	midwest,,26.13045842032645,0.134,665584.0152264708,75000 to 99999
Georgia	south,,26.196947103217198,0.091,312104.2012696258,15000 to 24999
New Hampshire	northeast,,26.23430371195923,0.041,859338.0754933584,10000 to 14999
Maine	northeast,,26.239188517852075,0.079,3246536.570085372,<10000
Alabama	south,,26.334046968905053,0.043,3732981.9566637524,10000 to 14999
Montana	west,,26.549718349027295,0.071,730920.4984065201,<10000
Wyoming	west,,26.70533418080068,0.082,294406.10062279616,<10000
New Mexico	west,,26.708774168781556,0.156,1593322.5568989879,100000 to 149999
Wisconsin	midwest,,26.765963032500032,0.089,2082976.2949749788,15000 to 24999
North Dakota	midwest,,26.86332156274991,0.098,3779516.649645949,<10000
Arizona	west,,26.94948086059007,0.053,4294222.519938912,<10000
California	west,,27.00258324705551,0.186,594559.8439006937,50000 to 74999
Montana	west,,27.007968644618813,0.202,222679.0,50000 to 74999
Kentucky	south,,27.07951791243955,0.097,2232554.2295025853,<10000
Kansas	midwest,,27.093442166259752,0.139,227789.43795535894,100000 to 149999
Ohio	midwest,,27.106618430645625,0.065,1207088.5713313355,200000+
Tennessee	south,,27.144251672859212,0.085,461169.5269286262,25000 to 34999
Texas	south,,27.517122581208078,0.136,230082.80397920674,75000 to 99999
Rhode Island	northeast,,27.573712944313684,0.112,2273697.2598770945,35000 to 49999
Maryland	south,,27.604588186219452,0.076,4147199.8004787774,200000+
Minnesota	midwest,,27.628177628800252,0.095,3749889.7577180453,25000 to 34999
Michigan	midwest,,27.712250707656004,0.13,237447.98087817675,15000 to 24999
Vermont	northeast,,27.761141205890944,0.156,7130048.331395079,50000 to 74999
New York	northeast,,27.773164302082186,0.031,4596020.789334376,200000+
Nevada	west,,27.848019215678377,0.188,4490197.08087702,50000 to 74999
New York	northeast,,27.93960174294277,0.02,1053829.9566777293,150000 to 199999
Puerto Rico	other,,28.109182180687224,0.058,9456112.632239968,10000 to 14999
New York	northeast,,28.287656030813373,0.166,1911788.9764011644,50000 to 74999
District of Columbia	south,,28.29614713611477,0.174,1437724.2484100638,50000 to 74999
Puerto Rico	other,,28.32197737128304,0.015,241128.0040462942,200000+
Indiana	midwest,,28.353854506698507,0.114,1105480.534837258,75000 to 99999
Colorado	west,,28.37145748929435,0.053,264122.05470233044,200000+
Louisiana	south,,28.377408960700475,0.077,822023.0944540893,<10000
South Carolina	south,,28.588790911693323,0.04,1336103.4035823438,10000 to 14999
Minnesota	midwest,,28.627774002078585,0.172,222679.0,100000 to 149999
Alabama	south,,28.913972411629196,0.181,386500.7841599681,50000 to 74999
New Jersey	northeast,,28.99193477635841,0.097,1424823.3785441148,25000 to 34999
Kentucky	south,,29.110744165504258,0.144,1135049.013119648,100000 to 149999
Oregon	west,,29.146861949712008,0.033,806077.0173056053,200000+
North Carolina	south,,29.18790700090949,0.134,430368.84231278737,35000 to 49999
Maine	northeast,,29.29217697898439,0.086,2584329.598689236,15000 to 24999
Hawaii	west,,29.31028138999836,0.126,622037.4229476249,75000 to 99999
Ohio	midwest,,29.355467184245555,0.019,3013236.6943624686,150000 to 199999
Wisconsin	midwest,,29.375997984419712,0.102,1951075.262988685,200000+
Nevada	west,,29.429201745796828,0.116,852049.0286789528,75000 to 99999
District of Columbia	south,,29.610970117798388,0.052,371419.16216071835,10000 to 14999
Wyoming	west,,29.673446678137285,0.033,777729.2782043372,150000 to 199999
Nebraska	midwest,,29.67862979488105,0.105,222679.0,<10000
New York	northeast,,29.72251164327508,0.05,314480.1890066108,150000 to 199999
Illinois	midwest,,29.73646128140778,0.034,12581722.0,200000+
Colorado	west,,29.755321763423318,0.039,555958.8476929006,150000 to 199999
Florida	south,,29.813055799526346,0.125,3844302.141072349,100000 to 149999
Vermont	northeast,,29.888126919843902,0.142,998498.899653578,100000 to 149999
Hawaii	west,,29.89611460784087,0.074,385787.8324373418,200000+
Texas	south,,29.96666447426776,0.029,7564183.308249537,200000+
Arkansas	south,,30.043585093921433,0.078,7320784.830817503,25000 to 34999
Oregon	west,,30.17761853983459,0.06,518727.17725975177,150000 to 199999
Maine	northeast,,30.383431343752672,0.091,5783230.144217012,<10000
Pennsylvania	northeast,,30.49783287163434,0.06,503540.3791657068,<10000
South Carolina	south,,30.583478211797154,0.111,1134352.6348119334,75000 to 99999
Hawaii	west,,30.60746315381924,0.121,552681.7997839088,25000 to 34999
South Dakota	midwest,,30.78396414033284,0.138,409505.61293432536,100000 to 149999
Virginia	south,,30.881614349889553,0.101,839512.389380989,15000 to 24999
South Dakota	midwest,,30.88165041462658,0.14,1751988.1033217674,75000 to 99999
Montana	west,,30.946008354980844,0.049,1506977.207853396,10000 to 14999
Texas	south,,31.038202587025687,0.121,1030912.2816244013,100000 to 149999
South Dakota	midwest,,31.175040113023602,0.076,1819628.033425862,15000 to 24999
Mississippi	south,,31.19232657359813,0.137,1231348.8175421269,35000 to 49999
Alabama	south,,31.297105887435496,0.134,9133051.339567352,15000 to 24999
Oklahoma	south,,31.311240589330126,0.194,2471918.2177612646,50000 to 74999
New Hampshire	northeast,,31.357015458321882,0.156,699852.8306387074,100000 to 149999
New Jersey	northeast,,31.35830533757438,0.192,1591254.1498537045,50000 to 74999
Nebraska	midwest,,31.563137321862836,0.112,3966352.271576897,100000 to 149999
Nevada	west,,31.67532192066263,0.08,942845.733286042,25000 to 34999
Ohio	midwest,,31.786718660386818,0.035,222679.0,200000+
South Dakota	midwest,,31.786996847211366,0.14,728837.5772550696,100000 to 149999
Indiana	midwest,,31.932703719569602,0.062,1150662.4374194986,150000 to 199999
Utah	west,,31.937290034441347,0.147,2842734.3123054374,35000 to 49999
Delaware	south,,31.952551853605197,0.119,1689019.7810665239,75000 to 99999
New Mexico	west,,32.09286084104696,0.125,2810623.052727736,75000 to 99999
Vermont	northeast,,32.31098241090596,0.152,1028692.4150706574,50000 to 74999
West Virginia	south,,32.31685199882433,0.079,1064454.0918310413,25000 to 34999
Nebraska	midwest,,32.49168097947914,0.12,1400572.7978684858,35000 to 49999
Rhode Island	northeast,,32.52482684358513,0.099,855181.5542376343,15000 to 24999
Oklahoma	south,,32.53825379902948,0.078,883858.2473000052,150000 to 199999
Alaska	west,,32.55364476167105,0.073,508719.6106310735,25000 to 34999
New York	northeast,,32.577122754657545,0.063,739762.9617272343,200000+
West Virginia	south,,33.09557902609249,0.177,2701731.417312518,50000 to 74999
New Jersey	northeast,,33.10171778123028,0.111,5712193.9688305585,25000 to 34999
Indiana	midwest,,33.14974100531934,0.051,5600402.421690993,<10000
North Carolina	south,,33.18177708491611,0.078,1068928.6006364399,<10000
Arizona	west,,33.202042458367565,0.1,379831.10302335053,15000 to 24999
Florida	south,,33.397263829908766,0.079,550264.877964012,200000+
Alaska	west,,33.47447385825258,0.061,869201.7016540057,200000+
Arkansas	south,,33.75710304856597,0.149,2014422.5334534156,35000 to 49999
Colorado	west,,33.77018057275343,0.056,880127.7606482578,10000 to 14999
New Jersey	northeast,,33.78535141255861,0.1,1282841.6910613456,25000 to 34999
Louisiana	south,,33.83866713490257,0.167,2447933.250331164,50000 to 74999
New Hampshire	northeast,,33.878175508463194,0.176,570900.5288184305,50000 to 74999
Pennsylvania	northeast,,33.89767879571847,0.189,2945182.7983052623,50000 to 74999
Tennessee	south,,33.89844578312207,0.054,1249276.7890005982,10000 to 14999
Alabama	south,,33.935336745564996,0.119,1221241.6935987575,25000 to 34999
Washington	west,,33.94545204273493,0.043,1696165.774068721,200000+
Massachusetts	northeast,,33.97320175730796,0.131,2663977.2013369943,75000 to 99999
Nebraska	midwest,,34.0123387380408,0.046,1193348.9389010887,150000 to 199999
Idaho	west,,34.028144264636964,0.037,1009111.1043666591,200000+
New Jersey	northeast,,34.09415048457417,0.133,9239555.574368214,50000 to 74999
Iowa	midwest,,34.16240503442374,0.11,5361595.450210474,15000 to 24999
California	west,,34.223408632186135,0.012,2570358.507516126,200000+
Nevada	west,,34.28281651669547,0.101,300303.5177000266,25000 to 34999
Illinois	midwest,,34.32152832225168,0.136,1745436.3690918921,35000 to 49999
South Dakota	midwest,,34.47505555199771,0.12,3009806.3272046945,15000 to 24999
Mississippi	south,,34.59741865199224,0.053,407808.6877469647,200000+
Massachusetts	northeast,,34.6219697211559,0.028,1610385.5363839623,150000 to 199999
Rhode Island	northeast,,34.84914771854307,0.091,6608440.342143398,<10000
Oregon	west,,34.95425165499181,0.102,10615542.164720554,15000 to 24999
Connecticut	northeast,,35.09188727422001,0.048,2868762.536454186,<10000
South Carolina	south,,35.12546948941008,0.088,1079429.0072313773,25000 to 34999
Delaware	south,,35.1377294370103,0.029,1736348.394352856,150000 to 199999
District of Columbia	south,,35.167335842429836,0.077,12581722.0,25000 to 34999
Rhode Island	northeast,,35.173988743229216,0.059,768499.3888068709,10000 to 14999
New York	northeast,,35.29500515077599,0.125,1042635.5646148237,15000 to 24999
Kansas	midwest,,35.30517804482792,0.078,802827.5361979462,25000 to 34999
Virginia	south,,35.48506044125205,0.028,787789.3430345579,150000 to 199999
Vermont	northeast,,35.48561260224362,0.077,2587614.3654231085,<10000
Hawaii	west,,35.49623483746089,0.112,1010975.7957359505,15000 to 24999
Indiana	midwest,,35.51878541352405,0.071,387425.7535753048,<10000
South Carolina	south,,35.54320324900716,0.05,945542.3354708982,150000 to 199999
Massachusetts	northeast,,35.727904726038666,0.053,297978.6564098376,10000 to 14999
North Carolina	south,,35.73516050654611,0.124,358141.1595973287,75000 to 99999
Washington	west,,35.76704059867389,0.117,1684186.9139090932,75000 to 99999
Arkansas	south,,35.85161483334814,0.02,2868746.292071593,150000 to 199999
Louisiana	south,,35.865265570614554,0.098,564324.0362908336,15000 to 24999
Georgia	south,,35.94624507632204,0.117,241605.8165654556,25000 to 34999
New Hampshire	northeast,,36.02261121215886,0.12,716359.5830974492,25000 to 34999
Alaska	west,,36.14284439002997,0.159,5542059.295284829,15000 to 24999
California	west,,36.35780805694405,0.016,2786472.27937301,200000+
District of Columbia	south,,36.38121219665403,0.038,450200.43989823095,200000+
District of Columbia	south,,36.42274736447698,0.029,2620640.1295791105,200000+
Rhode Island	northeast,,36.4573086189439,0.139,810391.0480616695,35000 to 49999
Maine	northeast,,36.507932131641084,0.037,1925775.0286259658,200000+
Florida	south,,36.51424952529693,0.031,12581722.0,10000 to 14999
Minnesota	midwest,,36.52716917582918,0.111,7081524.064873356,25000 to 34999
South Dakota	midwest,,36.53749828818569,0.051,3744068.4174151234,<10000
Minnesota	midwest,,36.56087159706649,0.046,699142.0563337246,150000 to 199999
Wyoming	west,,36.569289678543555,0.056,3400489.4076263458,10000 to 14999
North Dakota	midwest,,36.586488461337034,0.056,2174395.8573822826,10000 to 14999
Maine	northeast,,36.75533813171171,0.048,839706.0585051752,200000+
Alaska	west,,36.79774335563085,0.07,347732.7368913885,25000 to 34999
Virginia	south,,36.95093777370162,0.143,1484551.067388981,35000 to 49999
New Jersey	northeast,,37.111157174544715,0.034,940065.032360398,200000+
Georgia	south,,37.12728566427296,0.114,3353537.444255375,35000 to 49999
Iowa	midwest,,37.17068374680696,0.038,1829977.0943501818,150000 to 199999
Texas	south,,37.21239910160594,0.038,293890.3069961752,150000 to 199999
Wyoming	west,,37.22585411381432,0.112,302268.6065520751,75000 to 99999
Puerto Rico	other,,37.305313624840885,0.11,850420.4532641827,100000 to 149999
Washington	west,,37.48858725258451,0.102,3990940.8257494215,100000 to 149999
Oregon	west,,37.75820360982371,0.117,2670459.8160598725,35000 to 49999
Indiana	midwest,,37.88169723669479,0.071,1616038.2444905299,<10000
Virginia	south,,37.945919553869174,0.092,1387690.7088888532,<10000
Mississippi	south,,38.062909714334715,0.159,2352693.5381833357,50000 to 74999
New York	northeast,,38.135059775989,0.026,222679.0,200000+
Virginia	south,,38.30860660059424,0.164,1450549.2307989958,35000 to 49999
Arkansas	south,,38.43778708521006,0.139,2130757.613735736,75000 to 99999
Iowa	midwest,,38.64439442825136,0.032,6570942.344086855,150000 to 199999
Idaho	west,,38.771282927897815,0.107,320202.09723434126,25000 to 34999
Wisconsin	midwest,,38.92679334864776,0.151,509287.0715503921,75000 to 99999
Ohio	midwest,,39.009658914041154,0.07,485116.7467681229,25000 to 34999
Montana	west,,39.24256745350509,0.173,1452699.947174883,50000 to 74999
Nevada	west,,39.35785152714121,0.13,2744320.0347430385,35000 to 49999
Arkansas	south,,39.59027626450191,0.042,509446.67704227706,10000 to 14999
Alaska	west,,39.699912491019916,0.122,833421.1498139047,25000 to 34999
Texas	south,,39.71011947728379,0.122,909343.3919051109,25000 to 34999
Nebraska	midwest,,39.71150808239467,0.179,3905855.9457286242,50000 to 74999
Indiana	midwest,,39.80350520673171,0.111,816960.2662307003,25000 to 34999
South Dakota	midwest,,39.961058708012935,0.164,484062.80458490003,50000 to 74999
Ohio	midwest,,40.368646249839834,0.111,359154.4648299769,25000 to 34999
Maryland	south,,40.38808851589303,0.143,2000567.9249454516,100000 to 149999
Mississippi	south,,40.392485779379854,0.14,3531513.9599214066,75000 to 99999
Indiana	midwest,,40.44661575663961,0.079,1221376.8618053135,25000 to 34999
Illinois	midwest,,40.50061644477406,0.141,2488006.784035735,75000 to 99999
Vermont	northeast,,40.55883331161308,0.04,6823594.847813518,150000 to 199999
Georgia	south,,40.76053653702588,0.061,1975142.447980974,10000 to 14999
Connecticut	northeast,,40.86280486301653,0.116,12145769.64368653,100000 to 149999
Minnesota	midwest,,41.192846024195894,0.197,12581722.0,50000 to 74999
North Dakota	midwest,,41.22897323475064,0.117,642423.7257901294,<10000
Montana	west,,41.40676362991245,0.081,6752379.394853601,25000 to 34999
Pennsylvania	northeast,,41.572824310963405,0.033,263945.2085687278,200000+
Colorado	west,,41.607232582439984,0.051,601071.2891979727,150000 to 199999
Washington	west,,41.68290254890126,0.15,1570612.5471914767,35000 to 49999
New York	northeast,,41.85907002878709,0.021,2646541.2111072736,150000 to 199999
Ohio	midwest,,41.94852319591751,0.153,222679.0,35000 to 49999
Vermont	northeast,,41.98301655170211,0.123,2389473.5475201323,100000 to 149999
North Carolina	south,,41.98395342632344,0.131,740777.5184531037,15000 to 24999
Minnesota	midwest,,42.09128782271391,0.157,1610127.788277136,35000 to 49999
Puerto Rico	other,,42.171669646793816,0.14,4214955.8297235565,35000 to 49999
Kentucky	south,,42.226809520147455,0.172,801248.0102784698,50000 to 74999
West Virginia	south,,42.30061979955864,0.085,663173.1684269807,25000 to 34999
Puerto Rico	other,,42.35563358861231,0.125,577984.9836598665,100000 to 149999
Arizona	west,,42.38341671663693,0.119,710440.7639688617,25000 to 34999
Utah	west,,42.39142570362579,0.103,1745613.4991361732,25000 to 34999
Vermont	northeast,,42.40352546227825,0.065,1192877.194037989,<10000
Kansas	midwest,,42.467042830847234,0.036,504693.05764427985,200000+
North Carolina	south,,42.578895136482366,0.05,8544578.189000186,200000+
Michigan	midwest,,42.6079339493412,0.08,222679.0,15000 to 24999
Indiana	midwest,,42.65717834200647,0.099,2500313.676498691,25000 to 34999
Wyoming	west,,42.68465378013569,0.107,908348.6660102225,100000 to 149999
California	west,,42.70563702084769,0.152,1338259.7415102276,100000 to 149999
Wyoming	west,,42.73713235884727,0.192,2803115.56924415,50000 to 74999
Massachusetts	northeast,,42.74760621666842,0.146,1220084.9657449,15000 to 24999
Kentucky	south,,42.9301113515056,0.118,365445.7165844645,75000 to 99999
Puerto Rico	other,,42.94160719122013,0.189,2932002.394175209,50000 to 74999
North Dakota	midwest,,43.01193622010692,0.128,1399312.6556535312,15000 to 24999
North Dakota	midwest,,43.080546515399206,0.1,2878193.406067233,<10000
Utah	west,,43.236675986907116,0.111,772783.2442479786,15000 to 24999
South Dakota	midwest,,43.267752529566636,0.12,4467840.111375697,75000 to 99999
Puerto Rico	other,,43.484131868415325,0.188,1068808.0279073378,50000 to 74999
New Hampshire	northeast,,43.55745506140735,0.107,721074.3633108003,<10000
Oklahoma	south,,43.56756657547587,0.203,1333719.7488056475,50000 to 74999
Montana	west,,43.654294074101244,0.158,445860.50742369646,50000 to 74999
Connecticut	northeast,,43.68801607268169,0.11,5586026.0451549115,100000 to 149999
South Dakota	midwest,,43.88886545303386,0.015,1180282.6612773847,150000 to 199999
New Jersey	northeast,,43.9007330783845,0.054,4684328.69991843,150000 to 199999
Mississippi	south,,43.91614515081381,0.172,12581722.0,50000 to 74999
South Dakota	midwest,,44.0183095276153,0.145,1920228.824208528,100000 to 149999
Vermont	northeast,,44.181549638622165,0.132,2493542.2045692243,75000 to 99999
Utah	west,,44.37466168299326,0.132,1662422.7111390734,100000 to 149999
Arizona	west,,44.37860250548367,0.159,398342.4782020182,75000 to 99999
Mississippi	south,,44.51388047563204,0.031,222679.0,200000+
Montana	west,,44.51581017999787,0.023,825535.2496902208,200000+
Connecticut	northeast,,44.86520884860403,0.14,881529.2244447289,15000 to 24999
Oklahoma	south,,45.194694198143196,0.158,3759367.9103589985,35000 to 49999
Idaho	west,,45.20306905301567,0.146,272452.77111701993,100000 to 149999
Delaware	south,,45.44782434419999,0.115,7733031.631060116,25000 to 34999
Maryland	south,,45.482383074816546,0.035,2049612.8230777213,150000 to 199999
Delaware	south,,45.519422307855066,0.177,3149255.5112355216,50000 to 74999
North Carolina	south,,45.67198399561233,0.068,795125.4424000098,10000 to 14999
Georgia	south,,46.05574317795377,0.053,222679.0,10000 to 14999
Rhode Island	northeast,,46.218092477849545,0.05,950087.3433419425,<10000
North Dakota	midwest,,46.58707727234302,0.111,222679.0,15000 to 24999
Utah	west,,46.59033081055077,0.053,3331900.584647337,<10000
New Mexico	west,,46.61760190327349,0.129,1258305.598717851,35000 to 49999
Vermont	northeast,,46.72835102929173,0.137,2436757.378349539,100000 to 149999
District of Columbia	south,,47.13808275076552,0.039,2567255.140453263,200000+
Mississippi	south,,47.179604532873014,0.149,2951867.3197701373,100000 to 149999
South Carolina	south,,47.29019227702975,0.093,440603.6937366956,150000 to 199999
District of Columbia	south,,47.428413830586194,0.12,282471.83112999744,100000 to 149999
Wisconsin	midwest,,47.55385781195435,0.129,1240567.7706708924,15000 to 24999
Puerto Rico	other,,47.62166638795156,0.069,747012.4041287242,<10000
Utah	west,,47.92416271281508,0.138,659172.1409037824,35000 to 49999
Colorado	west,,47.950211097590376,0.173,1747346.2509708263,35000 to 49999
Georgia	south,,48.061478069677655,0.06,1472906.4017219616,10000 to 14999
Delaware	south,,48.354369044487925,0.062,375602.2636555194,200000+
Tennessee	south,,48.43190995883006,0.061,311115.4959000903,10000 to 14999
Nevada	west,,48.67992141829218,0.054,454386.2763642416,150000 to 199999
Colorado	west,,49.06143288241497,0.144,1801622.532698049,100000 to 149999
Arkansas	south,,49.11235830444376,0.039,6312768.053230143,200000+
Montana	west,,49.43322507171979,0.129,1980391.80883988,15000 to 24999
Rhode Island	northeast,,49.57303669218163,0.136,925230.0051571543,100000 to 149999
District of Columbia	south,,49.89737249216981,0.149,4614797.5831291415,35000 to 49999
District of Columbia	south,,49.93294598715515,0.091,3165992.550674557,25000 to 34999
Kentucky	south,,50.15178984727965,0.09,4972894.201251127,15000 to 24999
Minnesota	midwest,,50.30740786612261,0.084,3773327.616614503,100000 to 149999
District of Columbia	south,,50.36928494817704,0.03,759913.062996969,200000+
Arkansas	south,,50.91226543820229,0.087,770568.9024321166,25000 to 34999
Kansas	midwest,,50.9397138218828,0.082,1952516.3703883558,200000+
Texas	south,,50.998642170147576,0.091,679743.356940953,100000 to 149999
Rhode Island	northeast,,51.5779863989503,0.065,691045.4838777623,<10000
Colorado	west,,51.58538517076752,0.151,1534729.8481572021,50000 to 74999
Massachusetts	northeast,,51.91746586847288,0.185,222679.0,50000 to 74999
Hawaii	west,,52.23600449117339,0.061,3351527.5637693163,10000 to 14999
Nevada	west,,52.26457732462067,0.033,5296597.359882508,150000 to 199999
West Virginia	south,,52.3625746563638,0.146,5897698.859602156,100000 to 149999
Kansas	midwest,,52.88553116212563,0.029,1174740.095832213,150000 to 199999
New Jersey	northeast,,52.90367500370557,0.128,282137.14768370084,35000 to 49999
Kentucky	south,,52.92540917208201,0.083,1104684.9921772412,<10000
Alaska	west,,52.99685262796048,0.086,222679.0,150000 to 199999
Idaho	west,,53.0710081971978,0.054,6065868.848803649,<10000
Delaware	south,,53.18793749631398,0.1,722424.1236101121,25000 to 34999
Illinois	midwest,,53.385961892932386,0.18,2777117.3167851246,50000 to 74999
Iowa	midwest,,53.82308423968516,0.174,7315387.115429655,50000 to 74999
Florida	south,,54.039742945392874,0.034,3261292.3799563823,150000 to 199999
Massachusetts	northeast,,54.096092870266105,0.098,960548.6180905999,15000 to 24999
Puerto Rico	other,,54.13493819671937,0.045,599792.8653665857,150000 to 199999
Wyoming	west,,54.4839242997959,0.17,1969089.5316110956,50000 to 74999
South Dakota	midwest,,55.02494653245461,0.109,1621019.1000045585,35000 to 49999
Indiana	midwest,,55.36216256647765,0.141,222679.0,35000 to 49999
Vermont	northeast,,55.583582858037026,0.087,12581722.0,15000 to 24999
Arizona	west,,55.81434162241041,0.141,3503848.3497450906,35000 to 49999
Iowa	midwest,,56.037321109308735,0.063,1963874.564551497,<10000
Florida	south,,56.30451626462188,0.077,1715278.3157444198,<10000
Louisiana	south,,57.06990933319041,0.213,958698.3226974847,50000 to 74999
Oregon	west,,57.54488574704388,0.059,4690982.094705119,10000 to 14999
Montana	west,,58.31901559301394,0.11,916284.5784447935,100000 to 149999
Hawaii	west,,58.319031593719856,0.121,615191.9856557361,25000 to 34999
Montana	west,,59.256513960924764,0.051,677247.6488017807,10000 to 14999
Mississippi	south,,59.747146017902665,0.129,4559133.07642532,35000 to 49999
Florida	south,,59.81252495392198,0.161,3362214.4313844102,50000 to 74999
Texas	south,,60.65405250354053,0.114,726868.4855095963,75000 to 99999
Alabama	south,,61.735984404186475,0.115,1381091.9618436645,35000 to 49999
New Hampshire	northeast,,61.74183204670822,0.055,1826307.0744710197,10000 to 14999
Washington	west,,61.78097381068427,0.121,711525.9712274125,35000 to 49999
Iowa	midwest,,62.62555506014328,0.141,2735842.7317435904,35000 to 49999
Maryland	south,,63.08225310190018,0.059,711576.6588522063,150000 to 199999
Rhode Island	northeast,,63.749112655452514,0.056,1275172.4935848506,10000 to 14999
Tennessee	south,,64.7514209057585,0.102,2102322.8495804677,25000 to 34999
Mississippi	south,,64.89408707039917,0.137,563371.5224488716,15000 to 24999
Rhode Island	northeast,,65.14317829432028,0.075,4373766.250912724,150000 to 199999
Kansas	midwest,,66.81747549462935,0.049,604830.0837278543,200000+
Indiana	midwest,,67.20035278760673,0.038,1733302.7755507522,10000 to 14999
Michigan	midwest,,67.40706337216096,0.107,2680453.13758731,25000 to 34999
North Carolina	south,,68.24690868797093,0.061,4590223.017145448,150000 to 199999
Michigan	midwest,,68.80172553150223,0.047,3599858.968788078,150000 to 199999
Iowa	midwest,,72.0,0.05,294113.70282814145,<10000
Louisiana	south,,72.0,0.128,3894519.217662555,75000 to 99999
South Carolina	south,,72.0,0.03,4270763.267086242,10000 to 14999
