Date,CO2,adjusted CO2
1958-03-01,316.23,314.28
1958-03-31,317.44,314.56
1958-04-30,315.62,314.57
1958-05-30,317.45,314.36
1958-06-29,318.18,314.59
1958-07-29,317.17,315.22
1958-08-28,316.3,314.99
1958-09-27,315.63,315.56
1958-10-27,318.65,315.32
1958-11-26,317.64,315.64
1958-12-26,314.46,315.9
1959-01-25,316.83,315.71
1959-02-24,318.79,316.11
1959-03-26,317.71,315.73
1959-04-25,318.53,316.5
1959-05-25,317.6,317.43
1959-06-24,316.94,316.86
1959-07-24,318.78,316.66
1959-08-23,319.36,316.46
1959-09-22,317.9,316.93
1959-10-22,317.18,316.45
1959-11-21,316.21,318.33
1959-12-21,318.0,317.16
1960-01-20,318.25,317.69
1960-02-19,317.05,317.39
1960-03-20,319.61,317.95
1960-04-19,320.51,317.89
1960-05-19,321.18,317.66
1960-06-18,318.89,318.16
1960-07-18,320.76,317.89
1960-08-17,320.63,318.7
1960-09-16,321.53,318.43
1960-10-16,320.8,318.66
1960-11-15,322.81,318.5
1960-12-15,321.74,318.66
1961-01-14,319.3,318.99
1961-02-13,319.57,319.44
1961-03-15,323.02,319.4
1961-04-14,319.86,319.24
1961-05-14,321.77,319.44
1961-06-13,320.38,320.24
1961-07-13,320.93,320.06
1961-08-12,321.76,320.29
1961-09-11,321.87,320.6
1961-10-11,320.63,319.77
1961-11-10,321.76,320.87
1961-12-10,324.25,320.41
1962-01-09,321.53,320.87
1962-02-08,323.28,321.0
1962-03-10,321.11,320.18
1962-04-09,323.35,320.72
1962-05-09,321.96,321.6
1962-06-08,320.16,321.31
1962-07-08,322.04,321.94
1962-08-07,321.23,321.67
1962-09-06,321.48,321.64
1962-10-06,321.87,322.4
1962-11-05,322.46,321.75
1962-12-05,325.5,322.12
1963-01-04,324.09,322.0
1963-02-03,323.1,321.85
1963-03-05,324.34,322.77
1963-04-04,325.48,322.53
1963-05-04,325.13,322.86
1963-06-03,324.13,322.85
1963-07-03,322.14,322.98
1963-08-02,322.76,323.35
1963-09-01,324.61,323.77
1963-10-01,325.58,323.26
1963-10-31,324.2,323.78
1963-11-30,324.82,323.75
1963-12-30,323.12,323.9
1964-01-29,327.74,324.33
1964-02-28,325.28,323.88
1964-03-29,327.43,324.19
1964-04-28,326.23,324.67
1964-05-28,325.23,325.25
1964-06-27,327.14,324.21
1964-07-27,326.85,324.45
1964-08-26,327.97,325.49
1964-09-25,322.56,324.58
1964-10-25,327.06,324.87
1964-11-24,327.08,325.39
1964-12-24,327.1,325.54
1965-01-23,327.83,325.55
1965-02-22,323.59,326.18
1965-03-24,327.98,325.97
1965-04-23,327.9,325.79
1965-05-23,327.16,326.31
1965-06-22,325.81,326.07
1965-07-22,326.44,326.53
1965-08-21,327.32,326.72
1965-09-20,329.14,326.22
1965-10-20,327.78,326.83
1965-11-19,327.93,326.62
1965-12-19,327.92,326.86
1966-01-18,326.99,327.02
1966-02-17,329.25,326.95
1966-03-19,327.33,327.07
1966-04-18,327.2,327.31
1966-05-18,330.89,327.75
1966-06-17,328.46,328.12
1966-07-17,330.1,328.07
1966-08-16,327.2,327.95
1966-09-15,330.86,328.4
1966-10-15,331.11,328.21
1966-11-14,328.4,328.51
1966-12-14,328.32,328.5
1967-01-13,331.41,328.72
1967-02-12,328.93,328.68
1967-03-14,330.38,328.74
1967-04-13,331.24,329.17
1967-05-13,329.86,329.13
1967-06-12,332.34,328.69
1967-07-12,328.78,329.38
1967-08-11,331.07,329.41
1967-09-10,331.61,329.63
1967-10-10,332.23,330.02
1967-11-09,331.04,330.36
1967-12-09,333.48,330.63
1968-01-08,332.45,330.13
1968-02-07,332.89,329.95
1968-03-08,330.47,330.28
1968-04-07,331.73,330.54
1968-05-07,332.36,330.76
1968-06-06,332.23,331.18
1968-07-06,331.5,330.94
1968-08-05,332.42,331.8
1968-09-04,332.98,331.01
1968-10-04,331.76,331.04
1968-11-03,334.56,331.64
1968-12-03,333.35,331.88
1969-01-02,333.4,331.91
1969-02-01,331.12,332.06
1969-03-03,333.07,332.26
1969-04-02,334.62,332.39
1969-05-02,333.02,331.96
1969-06-01,332.75,332.76
1969-07-01,333.89,333.23
1969-07-31,335.11,332.89
1969-08-30,333.85,333.05
1969-09-29,333.49,332.54
1969-10-29,334.43,333.15
1969-11-28,332.25,333.53
1969-12-28,334.5,333.23
1970-01-27,335.92,334.17
1970-02-26,335.16,333.62
1970-03-28,336.09,333.95
1970-04-27,334.86,334.01
1970-05-27,335.5,334.3
1970-06-26,335.9,334.75
1970-07-26,334.88,334.49
1970-08-25,335.85,334.52
1970-09-24,335.34,334.09
1970-10-24,334.8,334.95
1970-11-23,335.19,334.77
1970-12-23,337.22,334.73
1971-01-22,338.68,334.96
1971-02-21,336.27,335.6
1971-03-23,336.08,335.54
1971-04-22,337.03,335.59
1971-05-22,336.59,336.2
1971-06-21,335.85,335.91
1971-07-21,338.56,336.29
1971-08-20,336.66,335.85
1971-09-19,338.37,336.31
1971-10-19,337.14,336.35
1971-11-18,337.77,336.54
1971-12-18,337.9,336.23
1972-01-17,337.65,337.18
1972-02-16,336.77,336.84
1972-03-17,338.28,337.27
1972-04-16,338.05,337.27
1972-05-16,339.99,337.02
1972-06-15,338.73,337.49
1972-07-15,339.23,338.01
1972-08-14,339.14,336.64
1972-09-13,338.94,338.01
1972-10-13,339.37,338.16
1972-11-12,341.64,338.26
1972-12-12,339.36,337.69
1973-01-11,338.5,338.32
1973-02-10,338.73,338.26
1973-03-12,337.84,338.53
1973-04-11,340.65,338.44
1973-05-11,341.61,338.97
1973-06-10,340.09,339.12
1973-07-10,340.19,339.3
1973-08-09,342.39,339.01
1973-09-08,340.33,339.13
1973-10-08,338.95,339.47
1973-11-07,341.95,339.34
1973-12-07,340.37,340.24
1974-01-06,340.83,339.62
1974-02-05,340.39,339.89
1974-03-07,341.32,339.98
1974-04-06,343.34,340.01
1974-05-06,341.25,340.79
1974-06-05,342.48,340.26
1974-07-05,340.28,340.79
1974-08-04,343.87,340.03
1974-09-03,342.59,340.58
1974-10-03,343.19,341.14
1974-11-02,343.5,341.13
1974-12-02,341.51,340.96
1975-01-01,342.37,341.63
1975-01-31,343.46,342.01
1975-03-02,345.26,342.05
1975-04-01,340.11,341.83
1975-05-01,342.17,341.86
1975-05-31,341.99,342.2
1975-06-30,342.36,341.72
1975-07-30,341.15,342.21
1975-08-29,343.22,342.31
1975-09-28,343.32,342.62
1975-10-28,342.83,342.61
1975-11-27,346.06,343.12
1975-12-27,343.9,343.01
1976-01-26,343.5,342.61
1976-02-25,345.15,343.02
1976-03-26,345.7,343.25
1976-04-25,345.2,343.94
1976-05-25,343.43,343.9
1976-06-24,346.14,343.76
1976-07-24,344.64,344.18
1976-08-23,346.04,343.25
1976-09-22,346.11,344.18
1976-10-22,344.06,344.73
1976-11-21,346.15,343.95
1976-12-21,344.28,344.44
1977-01-20,346.53,344.09
1977-02-19,345.97,345.21
1977-03-21,345.71,344.98
1977-04-20,348.76,345.12
1977-05-20,347.6,344.64
1977-06-19,345.43,345.15
1977-07-19,345.11,345.79
1977-08-18,346.97,345.93
1977-09-17,348.49,345.09
1977-10-17,346.4,345.97
1977-11-16,349.97,346.29
1977-12-16,349.34,346.31
1978-01-15,346.67,346.34
1978-02-14,348.72,346.22
1978-03-16,348.06,346.61
1978-04-15,345.92,346.78
1978-05-15,347.5,347.17
1978-06-14,351.28,346.93
1978-07-14,349.24,347.44
1978-08-13,347.31,347.04
1978-09-12,349.46,347.2
1978-10-12,349.45,347.41
1978-11-11,348.8,347.64
1978-12-11,349.87,347.47
1979-01-10,349.24,347.66
1979-02-09,351.4,347.93
1979-03-11,351.21,348.39
1979-04-10,348.8,348.18
1979-05-10,349.45,347.99
1979-06-09,349.56,348.39
1979-07-09,350.93,349.15
1979-08-08,351.63,348.95
1979-09-07,348.76,349.53
1979-10-07,350.44,349.62
1979-11-06,346.16,349.37
1979-12-06,350.8,348.98
1980-01-05,348.96,349.61
1980-02-04,349.78,349.2
1980-03-05,350.84,349.85
1980-04-04,352.06,350.67
1980-05-04,352.7,349.95
1980-06-03,351.64,349.96
1980-07-03,350.93,350.22
1980-08-02,352.02,350.47
1980-09-01,352.91,350.7
1980-10-01,350.54,350.59
1980-10-31,349.9,350.55
1980-11-30,351.38,351.01
1980-12-30,353.02,351.04
1981-01-29,353.11,350.97
1981-02-28,354.67,351.69
1981-03-30,353.12,351.35
1981-04-29,351.61,351.7
1981-05-29,352.38,351.41
1981-06-28,352.21,352.32
1981-07-28,353.9,351.79
1981-08-27,354.18,352.74
1981-09-26,354.5,352.33
1981-10-26,353.94,352.42
1981-11-25,353.91,352.48
1981-12-25,355.91,352.54
1982-01-24,353.0,352.91
1982-02-23,353.78,352.9
1982-03-25,352.95,352.85
1982-04-24,353.47,352.93
1982-05-24,354.22,353.72
1982-06-23,352.48,353.74
1982-07-23,355.74,353.53
1982-08-22,353.99,353.61
1982-09-21,356.16,353.61
1982-10-21,355.45,353.85
1982-11-20,354.79,353.99
1982-12-20,356.01,353.78
1983-01-19,354.49,354.39
1983-02-18,356.47,354.54
1983-03-20,355.92,354.65
1983-04-19,353.1,354.4
1983-05-19,355.53,354.4
1983-06-18,355.47,354.94
1983-07-18,356.26,355.07
1983-08-17,356.15,355.04
1983-09-16,356.39,355.3
1983-10-16,357.01,354.85
1983-11-15,356.98,355.28
1983-12-15,356.69,355.78
1984-01-14,356.19,356.21
1984-02-13,359.35,355.91
1984-03-14,356.61,356.48
1984-04-13,356.07,355.68
1984-05-13,358.15,356.27
1984-06-12,358.46,357.01
1984-07-12,358.38,356.97
1984-08-11,356.93,356.86
1984-09-10,356.24,356.64
1984-10-10,358.46,356.41
1984-11-09,356.88,357.41
1984-12-09,357.44,357.14
1985-01-08,358.05,357.49
1985-02-07,354.44,357.46
1985-03-09,359.2,358.34
1985-04-08,359.57,357.97
1985-05-08,361.85,358.27
1985-06-07,361.2,358.14
1985-07-07,360.4,358.25
1985-08-06,359.96,358.4
1985-09-05,359.15,358.74
1985-10-05,361.79,359.12
1985-11-04,359.11,358.91
1985-12-04,359.51,358.95
1986-01-03,362.78,358.91
1986-02-02,359.25,359.25
1986-03-04,360.27,359.79
1986-04-03,361.03,358.98
1986-05-03,361.39,359.91
1986-06-02,362.21,360.06
1986-07-02,360.54,359.51
1986-08-01,363.05,359.94
1986-08-31,358.61,359.88
1986-09-30,363.87,360.49
1986-10-30,361.42,360.38
1986-11-29,363.63,360.19
1986-12-29,363.14,360.4
1987-01-28,360.15,360.98
1987-02-27,361.81,360.82
1987-03-29,361.21,360.76
1987-04-28,361.75,361.01
1987-05-28,361.82,361.43
1987-06-27,364.4,360.9
1987-07-27,364.23,361.82
1987-08-26,362.05,361.56
1987-09-25,364.57,361.64
1987-10-25,362.65,362.34
1987-11-24,362.71,362.22
1987-12-24,362.79,362.49
1988-01-23,364.63,362.22
1988-02-22,363.28,362.51
1988-03-23,364.97,362.76
1988-04-22,363.95,362.56
1988-05-22,362.33,363.01
1988-06-21,366.3,363.09
1988-07-21,362.98,363.78
1988-08-20,365.62,363.74
1988-09-19,363.3,363.46
1988-10-19,365.94,363.46
1988-11-18,366.66,363.73
1988-12-18,365.08,363.43
1989-01-17,367.36,364.12
1989-02-16,365.49,363.88
1989-03-18,364.41,364.34
1989-04-17,367.14,363.71
1989-05-17,366.41,364.59
1989-06-16,365.19,364.29
1989-07-16,365.24,364.83
1989-08-15,365.56,365.33
1989-09-14,367.23,364.91
1989-10-14,365.47,364.98
1989-11-13,367.11,365.55
1989-12-13,368.08,365.25
1990-01-12,368.61,365.61
1990-02-11,367.29,365.25
1990-03-13,368.09,366.49
1990-04-12,366.0,366.07
1990-05-12,368.63,364.97
1990-06-11,366.15,366.04
1990-07-11,366.87,366.69
1990-08-10,367.09,366.61
1990-09-09,367.46,366.33
1990-10-09,367.12,367.07
1990-11-08,367.56,366.87
1990-12-08,367.96,367.24
1991-01-07,367.88,366.86
1991-02-06,369.45,367.16
1991-03-08,366.54,367.49
1991-04-07,369.26,367.23
1991-05-07,367.41,366.98
1991-06-06,369.44,367.57
1991-07-06,369.8,367.82
1991-08-05,368.55,367.73
1991-09-04,370.04,368.14
1991-10-04,370.63,367.83
1991-11-03,369.92,368.2
1991-12-03,371.13,368.2
1992-01-02,368.62,368.82
1992-02-01,368.67,368.68
1992-03-02,371.07,369.32
1992-04-01,371.05,368.68
1992-05-01,369.11,369.07
1992-05-31,370.34,369.56
1992-06-30,370.97,368.93
1992-07-30,372.66,369.93
1992-08-29,370.29,369.73
1992-09-28,372.73,369.65
1992-10-28,370.3,370.29
1992-11-27,372.44,369.71
1992-12-27,372.94,370.44
1993-01-26,372.28,370.77
1993-02-25,371.92,370.24
1993-03-27,372.19,370.69
1993-04-26,373.7,371.13
1993-05-26,372.53,371.24
1993-06-25,372.33,371.4
1993-07-25,372.69,371.16
1993-08-24,374.69,371.3
1993-09-23,374.9,371.42
1993-10-23,373.26,371.88
1993-11-22,374.81,371.86
1993-12-22,373.4,372.36
1994-01-21,373.92,371.75
1994-02-20,371.44,371.9
1994-03-22,373.63,371.97
1994-04-21,372.58,372.8
1994-05-21,375.08,372.06
1994-06-20,373.19,372.95
1994-07-20,374.12,372.71
1994-08-19,376.31,373.62
1994-09-18,374.27,373.41
1994-10-18,374.31,373.2
1994-11-17,375.66,373.18
1994-12-17,374.82,373.69
1995-01-16,375.63,373.81
1995-02-15,374.1,373.72
1995-03-17,376.15,373.97
1995-04-16,374.72,373.74
1995-05-16,375.32,373.93
1995-06-15,373.06,374.05
1995-07-15,375.69,373.87
1995-08-14,376.66,374.58
1995-09-13,375.42,374.83
1995-10-13,374.24,374.0
1995-11-12,375.22,375.5
1995-12-12,376.29,374.93
1996-01-11,376.77,374.92
1996-02-10,377.57,375.41
1996-03-11,376.7,375.63
1996-04-10,376.55,375.62
1996-05-10,377.04,375.89
1996-06-09,378.12,375.64
1996-07-09,376.65,375.71
1996-08-08,378.21,375.95
1996-09-07,378.05,376.48
1996-10-07,377.28,376.26
1996-11-06,381.04,376.48
1996-12-06,374.5,376.4
1997-01-05,375.96,377.11
1997-02-04,379.11,376.83
1997-03-06,379.31,377.04
1997-04-05,378.18,378.34
1997-05-05,379.79,377.34
1997-06-04,378.87,377.5
1997-07-04,379.54,377.42
1997-08-03,377.48,377.73
1997-09-02,376.93,377.23
1997-10-02,378.16,378.09
1997-11-01,380.56,378.3
1997-12-01,378.39,378.12
1997-12-31,378.13,378.55
1998-01-30,377.52,377.86
1998-03-01,377.87,378.29
1998-03-31,379.4,378.57
1998-04-30,380.7,378.85
1998-05-30,381.07,378.7
1998-06-29,380.05,378.38
1998-07-29,381.4,379.43
1998-08-28,381.48,379.18
1998-09-27,381.68,380.18
1998-10-27,381.16,379.96
1998-11-26,379.71,379.89
1998-12-26,380.71,380.21
1999-01-25,380.11,379.5
1999-02-24,381.59,380.82
1999-03-26,382.53,380.76
1999-04-25,380.6,380.26
1999-05-25,381.51,380.66
1999-06-24,382.0,380.05
1999-07-24,382.85,380.2
1999-08-23,382.68,380.56
1999-09-22,381.13,381.21
1999-10-22,383.38,380.73
1999-11-21,381.9,381.44
1999-12-21,381.71,381.66
2000-01-20,381.36,381.5
2000-02-19,383.06,381.75
2000-03-20,387.12,382.09
2000-04-19,383.89,382.48
2000-05-19,382.69,382.35
2000-06-18,385.14,382.23
2000-07-18,385.06,382.36
2000-08-17,381.8,382.62
2000-09-16,383.53,382.47
2000-10-16,383.58,382.66
2000-11-15,383.89,383.21
2000-12-15,383.2,382.8
2001-01-14,383.49,383.19
2001-02-13,384.94,383.08
2001-03-15,384.23,383.71
2001-04-14,383.87,383.69
2001-05-14,383.53,384.46
2001-06-13,381.79,383.59
2001-07-13,384.51,384.16
2001-08-12,385.65,383.62
2001-09-11,385.55,384.61
2001-10-11,385.67,384.03
2001-11-10,387.43,384.56
2001-12-10,384.14,384.33
2002-01-09,388.04,384.13
2002-02-08,386.41,385.6
2002-03-10,387.11,384.99
2002-04-09,383.98,385.16
2002-05-09,385.92,385.27
2002-06-08,387.15,385.21
2002-07-08,387.06,386.16
2002-08-07,387.35,386.22
2002-09-06,387.49,385.72
2002-10-06,386.35,386.1
2002-11-05,387.73,386.13
2002-12-05,387.46,385.94
2003-01-04,391.75,386.72
2003-02-03,386.67,386.8
2003-03-05,388.79,386.53
2003-04-04,387.06,386.25
2003-05-04,387.62,386.59
2003-06-03,390.28,386.57
2003-07-03,388.44,387.2
2003-08-02,389.72,387.97
2003-09-01,389.28,387.27
2003-10-01,389.73,387.93
2003-10-31,388.25,388.0
2003-11-30,385.55,387.95
2003-12-30,387.13,387.93
2004-01-29,388.94,387.91
2004-02-28,389.11,388.14
2004-03-29,387.35,388.6
2004-04-28,390.93,388.44
2004-05-28,390.84,388.78
2004-06-27,388.93,389.04
2004-07-27,390.77,389.06
2004-08-26,388.83,388.35
2004-09-25,391.64,389.36
2004-10-25,389.91,389.08
2004-11-24,391.21,389.68
2004-12-24,390.44,389.29
2005-01-23,390.51,390.12
2005-02-22,390.71,389.69
2005-03-24,389.78,389.48
2005-04-23,392.24,390.34
2005-05-23,391.41,390.02
2005-06-22,392.09,390.4
2005-07-22,392.28,389.98
2005-08-21,390.83,391.0
2005-09-20,391.38,390.84
2005-10-20,391.66,390.64
2005-11-19,392.53,390.64
2005-12-19,393.38,391.15
2006-01-18,393.74,391.47
2006-02-17,392.07,391.32
2006-03-19,394.59,391.25
2006-04-18,391.41,391.23
2006-05-18,391.74,392.19
2006-06-17,394.41,391.93
2006-07-17,394.16,391.9
2006-08-16,393.18,392.21
2006-09-15,392.88,391.71
2006-10-15,393.93,391.97
2006-11-14,394.7,392.53
2006-12-14,395.1,393.32
2007-01-13,394.0,392.7
2007-02-12,395.07,392.8
2007-03-14,392.1,393.52
2007-04-13,395.32,393.51
2007-05-13,396.34,393.1
2007-06-12,395.35,393.48
2007-07-12,394.43,393.39
2007-08-11,395.94,393.2
2007-09-10,395.18,393.35
2007-10-10,396.33,394.19
2007-11-09,396.5,393.74
2007-12-09,394.66,394.3
2008-01-08,395.5,394.52
2008-02-07,397.45,394.83
2008-03-08,395.39,394.77
2008-04-07,393.06,394.65
2008-05-07,396.41,395.49
2008-06-06,396.3,394.96
2008-07-06,397.01,395.29
2008-08-05,397.15,395.31
2008-09-04,397.64,395.39
2008-10-04,395.99,395.31
2008-11-03,398.53,395.2
2008-12-03,397.96,395.91
2009-01-02,398.63,395.94
2009-02-01,396.43,396.14
2009-03-03,399.43,395.94
2009-04-02,398.09,396.65
2009-05-02,394.91,397.16
2009-06-01,397.85,396.79
2009-07-01,397.86,396.47
2009-07-31,400.19,397.11
2009-08-30,396.87,397.16
2009-09-29,396.98,397.6
2009-10-29,397.56,397.16
2009-11-28,397.83,396.98
2009-12-28,397.92,397.69
2010-01-27,397.6,397.23
2010-02-26,400.81,397.33
2010-03-28,399.67,397.86
2010-04-27,400.81,398.1
2010-05-27,399.79,397.98
2010-06-26,402.68,398.39
2010-07-26,399.37,398.47
2010-08-25,398.62,398.54
2010-09-24,397.92,398.96
2010-10-24,398.89,398.38
2010-11-23,398.5,399.2
2010-12-23,400.29,399.47
2011-01-22,400.21,399.57
2011-02-21,399.17,399.57
2011-03-23,399.64,399.35
2011-04-22,400.88,399.37
2011-05-22,400.99,399.58
2011-06-21,400.69,400.34
2011-07-21,399.27,399.71
2011-08-20,402.03,400.06
2011-09-19,400.78,400.39
2011-10-19,402.68,400.55
2011-11-18,401.9,400.57
2011-12-18,403.03,400.55
2012-01-17,402.52,400.65
2012-02-16,401.79,401.53
2012-03-17,404.97,401.42
2012-04-16,402.09,401.27
2012-05-16,400.68,401.48
2012-06-15,403.03,401.34
2012-07-15,404.35,401.4
2012-08-14,403.85,401.92
2012-09-13,404.9,401.84
2012-10-13,402.59,401.76
2012-11-12,404.13,402.37
2012-12-12,404.14,401.91
2013-01-11,403.55,402.77
2013-02-10,402.86,402.62
2013-03-12,403.88,402.59
2013-04-11,403.98,403.19
2013-05-11,405.81,403.41
2013-06-10,406.35,404.12
2013-07-10,405.39,403.27
2013-08-09,405.23,403.3
2013-09-08,401.78,403.47
2013-10-08,405.13,403.41
2013-11-07,406.53,403.56
2013-12-07,402.84,403.75
2014-01-06,405.21,403.65
2014-02-05,406.04,403.98
2014-03-07,404.29,404.51
2014-04-06,405.48,404.51
2014-05-06,406.32,404.13
2014-06-05,405.95,404.88
2014-07-05,404.78,404.45
2014-08-04,403.82,404.47
2014-09-03,407.18,405.29
2014-10-03,406.1,405.16
2014-11-02,405.92,405.67
2014-12-02,406.31,405.66
2015-01-01,406.51,405.41
2015-01-31,407.5,405.54
2015-03-02,406.16,405.89
2015-04-01,406.39,406.1
2015-05-01,406.57,405.65
2015-05-31,406.38,406.25
2015-06-30,408.06,406.09
2015-07-30,407.61,406.26
2015-08-29,408.3,406.82
2015-09-28,406.81,407.02
2015-10-28,407.66,407.38
2015-11-27,407.06,406.63
2015-12-27,410.64,406.63
2016-01-26,409.89,407.1
2016-02-25,408.83,407.41
2016-03-26,409.77,407.78
2016-04-25,407.74,407.81
2016-05-25,408.29,407.56
2016-06-24,407.65,407.57
2016-07-24,409.82,408.27
2016-08-23,407.34,409.31
2016-09-22,407.79,409.1
2016-10-22,411.01,408.46
2016-11-21,409.99,408.53
2016-12-21,409.3,408.34
2017-01-20,410.42,408.54
2017-02-19,408.69,408.73
2017-03-21,409.7,409.27
2017-04-20,410.27,409.05
2017-05-20,412.71,409.74
2017-06-19,410.36,409.82
2017-07-19,412.49,409.12
2017-08-18,410.58,409.19
2017-09-17,412.39,410.04
2017-10-17,412.19,410.35
2017-11-16,412.26,409.63
2017-12-16,409.89,410.48
2018-01-15,410.88,410.36
2018-02-14,414.0,410.22
2018-03-16,410.95,410.87
2018-04-15,412.68,411.21
2018-05-15,410.4,411.17
2018-06-14,410.83,410.85
2018-07-14,412.56,411.48
2018-08-13,412.84,411.41
2018-09-12,415.01,411.5
2018-10-12,413.6,411.53
2018-11-11,414.29,411.69
2018-12-11,414.1,411.47
